20161128051644.670	54.341606	-117.248283	3.212	3.5	78.4	169.3	19362
20161104064824.680	54.347563	-117.239689	3.323	25.8	89.4	179.0	3521
20161125051408.940	54.346667	-117.245915	3.233	25.1	77.1	172.3	16488
20161101044505.100	54.348389	-117.243628	3.271	34.4	89.5	180.0	756
20161104230159.320	54.345138	-117.241325	3.352	25.5	86.7	179.6	3935
20161031012735.520	54.354053	-117.238493	3.359	203.1	82.1	-169.7	572
20161107115039.940	54.33798	-117.24856	3.269	182.4	84.6	-179.8	7366
20161106150452.930	54.346741	-117.238436	3.397	204.4	81.7	175.6	6973
20161103052817.950	54.347884	-117.240706	3.331	21.3	81.3	-177.5	2097
20161105202815.700	54.346297	-117.238761	3.417	21.5	85.4	-179.3	5806
20161125075238.300	54.34633	-117.246257	3.313	208.9	89.5	178.4	16756
20161111210001.120	54.338143	-117.239347	3.222	31.2	85.8	-175.6	8416
20161106221328.160	54.346549	-117.238607	3.417	25.3	87.4	-172.3	7179
20161103005408.170	54.348409	-117.240243	3.332	204.0	87.5	178.3	1813
20161128044127.560	54.343233	-117.233634	3.247	197.9	87.3	179.3	19287
20161121065244.550	54.347034	-117.240202	3.289	201.6	88.5	178.9	10784
20161129102551.690	54.340401	-117.248218	3.133	204.6	81.5	159.8	20741
20161121002023.940	54.347099	-117.240112	3.31	22.9	89.9	179.5	10056
20161123193346.740	54.349394	-117.227352	3.317	205.4	61.6	-174.3	15199
20161101041732.230	54.348352	-117.243644	3.254	215.2	88.1	173.1	752
20161120100703.070	54.346826	-117.241675	3.331	208.5	85.6	172.2	9673
20161129143523.100	54.343502	-117.233447	3.248	21.2	86.8	169.2	21116
20161122131303.530	54.351847	-117.225431	3.32	195.7	52.6	-172.8	13694
20161103085049.880	54.347465	-117.241187	3.323	22.1	88.7	179.1	2309
20161105032354.380	54.345231	-117.241268	3.328	207.3	89.4	173.3	4150
20161123044220.380	54.341516	-117.248315	3.249	182.2	79.7	-172.4	14610
20161127102437.130	54.343514	-117.248039	3.273	180.9	87.5	176.6	18524
20161121011440.830	54.347811	-117.239502	3.328	205.4	80.9	179.0	10134
20161125111611.590	54.346375	-117.245638	3.267	23.5	89.7	171.4	17256
20161123034619.580	54.349727	-117.225952	3.325	191.6	52.7	178.1	14564
20161112035908.110	54.338236	-117.239079	3.224	204.8	82.9	172.9	8510
20161120222946.960	54.347441	-117.239779	3.322	23.4	87.3	-175.9	9871
20161122063334.320	54.346745	-117.238436	3.349	208.0	83.7	176.1	12419
20161127034927.230	54.343823	-117.248039	3.275	184.5	82.1	172.7	18212
20161120093848.530	54.347009	-117.241569	3.33	206.8	89.6	177.1	9643
20161129113735.020	54.343734	-117.233309	3.251	207.0	81.5	173.1	20893
20161103093640.090	54.347005	-117.241569	3.325	21.9	80.8	-179.6	2402
20161129170936.350	54.341654	-117.234562	3.269	20.3	90.0	-179.2	21266
20161103144912.040	54.347469	-117.241178	3.328	27.6	88.3	179.4	3240
20161120082230.200	54.34742	-117.241203	3.331	21.8	89.8	175.2	9580
20161124142740.400	54.349386	-117.227222	3.306	203.0	45.7	-170.3	15799
20161121013355.440	54.347778	-117.239518	3.326	24.6	88.1	176.3	10172
20161129065336.130	54.343717	-117.233268	3.267	199.6	79.5	-179.8	20602
20161122051115.660	54.346826	-117.238346	3.351	28.9	85.8	-173.2	12111
20161101094324.930	54.347164	-117.245565	3.22	19.7	87.6	176.1	849
20161114111346.250	54.334961	-117.248869	3.28	182.0	87.7	179.2	8780
20161110145958.730	54.338501	-117.243319	3.236	181.2	80.7	176.9	7991
20161110053424.880	54.338261	-117.243327	3.237	187.9	84.3	178.2	7873
20161105145226.880	54.345577	-117.239437	3.37	28.0	87.8	-179.2	4928
20161122111347.210	54.346175	-117.238908	3.411	22.8	89.3	-178.0	13303
20161121023401.920	54.34705	-117.240145	3.32	24.6	88.8	173.6	10296
20161128185347.090	54.343351	-117.233545	3.27	201.1	87.7	-175.0	20067
20161121054014.680	54.347095	-117.240129	3.29	27.1	83.9	159.8	10660
20161101093642.840	54.346928	-117.245744	3.218	21.2	79.2	169.7	845
20161125010606.530	54.346391	-117.2462	3.269	25.2	87.6	172.5	16130
20161125083632.310	54.347904	-117.24506	3.264	7.5	88.2	178.1	16828
20161124013129.100	54.352429	-117.226815	3.286	190.8	85.4	177.9	15356
20161105193220.660	54.34539	-117.239608	3.373	25.7	87.3	-173.4	5668
20161129151112.150	54.343514	-117.233398	3.271	199.6	87.6	-180.0	21153
20161103081953.450	54.347306	-117.241268	3.327	207.2	83.0	-168.1	2237
20161105154114.120	54.345841	-117.239225	3.388	25.4	86.2	-175.6	5082
20161125212400.730	54.347937	-117.245207	3.285	9.5	88.4	176.6	17692
20161121065030.080	54.346818	-117.240348	3.317	202.8	89.8	-180.0	10781
20161111124536.380	54.338546	-117.248429	3.247	183.7	89.8	-176.5	8237
20161123183112.200	54.351131	-117.225065	3.309	199.1	79.8	-176.4	15183
20161123091426.700	54.343953	-117.241138	3.357	29.0	87.7	-169.5	14858
20161106042015.630	54.346887	-117.238314	3.351	27.1	85.5	-175.0	6539
20161103033810.080	54.348047	-117.240584	3.327	206.0	85.4	174.8	2007
20161128155304.910	54.343376	-117.233496	3.266	198.5	89.1	176.8	19982
20161031022929.320	54.354069	-117.238477	3.355	204.0	83.4	-177.7	590
20161105151715.850	54.345679	-117.239323	3.364	207.7	85.5	174.6	5023
20161122090445.760	54.350037	-117.227189	3.322	187.0	34.9	159.5	12941
20161124053428.700	54.349451	-117.227083	3.304	197.6	40.0	-178.4	15493
20161111162836.150	54.337146	-117.243441	3.227	186.8	86.1	178.7	8336
20161103061901.970	54.347913	-117.240698	3.329	24.6	87.4	-178.9	2128
20161105183339.450	54.344893	-117.240356	3.362	28.0	85.7	-177.8	5513
20161128090459.320	54.341349	-117.248299	3.247	181.2	78.5	178.7	19591
20161129104417.030	54.343384	-117.233521	3.265	200.4	83.9	-176.8	20794
20161125081009.140	54.349947	-117.225854	3.316	193.0	47.6	-179.0	16786
20161123193424.490	54.34954	-117.227368	3.312	184.5	15.5	166.2	15201
20161101123624.290	54.346395	-117.246183	3.274	204.8	88.0	-178.7	947
20161127092224.260	54.343315	-117.248079	3.268	180.7	80.5	173.6	18479
20161105200558.780	54.345907	-117.23916	3.357	208.1	88.4	176.0	5752
20161030183617.090	54.354024	-117.238566	3.344	206.1	87.8	-177.0	550
20161103083854.680	54.347835	-117.240796	3.313	28.2	87.8	-179.5	2285
20161107171307.500	54.337785	-117.24856	3.264	182.1	85.3	171.3	7447
20161128092254.210	54.34141	-117.248332	3.216	5.8	89.5	171.0	19603
20161106012216.290	54.344999	-117.240275	3.361	26.6	88.3	-172.9	6288
20161128031620.620	54.341597	-117.248307	3.23	186.0	85.5	-175.3	19139
20161106061318.280	54.346891	-117.238281	3.342	211.0	86.4	170.4	6674
20161105201157.530	54.345764	-117.239331	3.387	207.6	89.5	170.6	5763
20161125102852.220	54.346431	-117.245597	3.261	16.9	76.0	172.5	17125
20161125092836.550	54.347937	-117.245044	3.257	185.1	86.5	179.9	16906
20161029054434.940	54.353727	-117.238761	3.361	24.7	88.5	179.6	304
20161122130100.800	54.34578	-117.239258	3.374	23.4	86.6	-173.0	13662
20161127054120.960	54.346452	-117.245378	3.269	145.1	83.3	177.5	18257
20161124060816.920	54.346769	-117.252035	3.279	31.8	81.5	-166.8	15528
20161121213944.800	54.338713	-117.243278	3.229	180.8	85.4	178.6	11309
20161122035541.210	54.346647	-117.238509	3.364	25.8	86.3	179.2	11768
20161103125439.030	54.34764	-117.241081	3.327	23.2	88.2	175.1	2920
20161129203819.840	54.341512	-117.234684	3.264	20.8	72.7	174.5	21411
20161105204420.900	54.345968	-117.239128	3.397	25.4	86.7	-172.2	5843
20161125042843.350	54.346647	-117.245923	3.238	20.1	82.5	177.6	16390
20161105143446.250	54.345789	-117.239266	3.4	23.2	84.6	179.1	4855
20161129013555.880	54.340869	-117.248356	3.251	182.8	80.5	177.1	20322
20161105074159.200	54.344942	-117.240324	3.365	24.0	88.2	-178.8	4294
20161122113105.390	54.349988	-117.227344	3.324	190.9	42.8	171.4	13348
20161122040409.810	54.3467	-117.238493	3.439	205.5	90.0	176.4	11800
20161101040509.080	54.348328	-117.243726	3.264	35.5	89.6	-175.0	750
20161106064703.020	54.346554	-117.238623	3.407	22.7	88.2	-175.5	6702
20161129114709.390	54.341606	-117.248348	3.237	189.3	84.4	170.1	20905
20161128015852.390	54.343229	-117.233618	3.248	16.6	85.3	178.4	19049
20161114125612.340	54.338249	-117.239128	3.225	202.7	76.7	177.1	8788
20161125044553.910	54.346391	-117.246183	3.277	26.7	87.0	-177.7	16427
20161125002430.620	54.34974	-117.226912	3.3	196.8	36.6	178.8	16044
20161108231122.600	54.344804	-117.236987	3.27	198.5	76.5	-176.3	7658
20161125080959.240	54.349805	-117.225659	3.315	198.5	87.9	179.0	16785
20161105124852.650	54.344519	-117.240715	3.36	25.0	87.3	-175.5	4642
20161125101215.710	54.346134	-117.245809	3.262	19.6	82.0	-179.4	17079
20161130130149.800	54.34126	-117.234896	3.242	21.6	74.2	171.9	22084
20161121090844.990	54.346684	-117.240389	3.32	27.0	89.4	-169.8	10953
20161105120812.960	54.344779	-117.240723	3.525	24.1	88.0	-175.8	4600
20161112171011.380	54.333785	-117.24895	3.278	181.4	88.4	-176.3	8650
20161122055217.610	54.346814	-117.238363	3.359	209.4	82.5	-177.9	12263
20161129122617.450	54.343437	-117.233496	3.249	16.9	87.4	-178.4	20958
20161129102941.520	54.339799	-117.248665	3.163	29.7	84.2	-174.4	20752
20161120030156.610	54.353918	-117.234058	3.309	25.7	89.0	166.5	9511
20161103030803.400	54.347994	-117.240641	3.326	22.4	89.7	-178.9	1985
20161105145630.650	54.345996	-117.239071	3.412	24.6	88.4	-168.1	4948
20161110053845.810	54.33551	-117.24882	3.28	183.4	82.8	-179.7	7875
20161129104353.960	54.332023	-117.249292	3.216	29.1	76.0	179.2	20789
20161101014855.130	54.348523	-117.243441	3.272	213.9	89.1	177.5	720
20161127143617.120	54.3389	-117.243245	3.229	180.5	81.8	173.9	18660
20161104202057.450	54.34515	-117.241325	3.343	202.9	86.5	170.3	3717
20161125001511.510	54.346566	-117.246012	3.269	25.3	88.4	178.8	16029
20161101144943.870	54.346623	-117.245996	3.268	204.6	87.5	171.2	1146
20161110070628.420	54.337313	-117.243416	3.223	1.5	87.8	178.7	7889
20161110145151.810	54.338603	-117.243294	3.242	180.9	84.7	172.8	7987
20161101002150.770	54.348344	-117.24366	3.273	214.6	88.9	174.7	680
20161125235313.240	54.350887	-117.22535	3.311	207.5	49.5	-178.3	17757
20161103103323.080	54.347534	-117.241178	3.321	23.9	88.9	179.2	2560
20161105220116.630	54.346244	-117.238957	3.409	23.7	87.9	-179.5	6006
20161104233007.140	54.345398	-117.241048	3.323	25.3	88.4	-174.3	3976
20161122051357.900	54.346554	-117.238623	3.41	27.4	88.3	-173.1	12118
20161109201859.370	54.335669	-117.248836	3.281	183.3	88.7	179.8	7754
20161105151250.380	54.34495	-117.240129	3.341	180.7	80.8	159.1	5009
20161103104843.350	54.347262	-117.241349	3.333	27.4	86.7	-177.7	2600
20161122115250.880	54.346216	-117.23894	3.414	204.2	89.6	174.0	13433
20161128015252.960	54.343091	-117.233708	3.269	198.3	89.8	-174.9	19044
20161123115530.520	54.352254	-117.225407	3.335	187.1	55.7	174.7	14978
20161105192438.820	54.345483	-117.239535	3.362	27.3	85.4	-171.1	5644
20161123105317.660	54.349662	-117.227124	3.314	190.7	40.6	171.3	14936
20161106021027.660	54.34646	-117.238704	3.423	22.9	85.6	-175.9	6337
20161027194256.390	54.355216	-117.236035	3.363	201.1	86.5	-173.4	106
20161125051911.630	54.346318	-117.246289	3.283	25.3	80.2	169.5	16503
20161125122211.920	54.35481	-117.237931	3.357	203.1	89.5	-174.6	17372
20161102120559.300	54.346375	-117.246191	3.273	24.2	87.7	178.0	1632
20161122130427.050	54.346672	-117.238501	3.362	25.2	87.3	-178.5	13668
20161121050429.690	54.346944	-117.240218	3.321	24.1	83.8	168.5	10594
20161128000400.020	54.343095	-117.233708	3.266	199.3	85.6	178.6	18929
20161122165846.260	54.349849	-117.227303	3.327	185.7	26.5	167.1	14033
20161103005545.720	54.348405	-117.240243	3.333	25.6	89.5	-174.9	1815
20161123141449.590	54.352641	-117.225334	3.334	185.3	47.4	172.4	15071
20161111031632.510	54.335905	-117.248739	3.273	358.3	87.1	175.7	8126
20161121012412.480	54.347111	-117.240096	3.307	204.5	82.8	178.0	10154
20161122044619.590	54.346773	-117.238387	3.359	26.7	88.5	-177.8	11978
20161122142253.440	54.345129	-117.239795	3.369	28.0	87.2	-172.6	13857
20161105145403.710	54.345801	-117.23925	3.326	206.9	89.9	178.6	4938
20161122181126.620	54.345748	-117.239282	3.38	206.4	89.7	169.5	14103
20161105232710.190	54.34609	-117.238989	3.395	206.3	86.3	179.7	6137
20161106084120.750	54.346818	-117.238354	3.368	209.3	86.9	170.0	6793
20161102220114.780	54.346606	-117.245923	3.292	205.6	87.8	179.6	1764
20161120103231.840	54.347331	-117.2413	3.341	25.3	89.3	-175.8	9690
20161130104508.240	54.341378	-117.234806	3.241	27.0	78.1	-177.7	21946
20161110032606.810	54.338432	-117.243327	3.252	181.2	84.7	170.1	7832
20161130144502.290	54.34141	-117.234839	3.221	23.9	82.3	-157.2	22166
20161101141553.150	54.346794	-117.24589	3.216	21.1	84.0	171.9	1098
20161105232728.110	54.346265	-117.238826	3.415	22.9	87.0	178.4	6138
20161111155755.860	54.336206	-117.248787	3.274	180.7	84.3	176.5	8319
20161123152038.730	54.350627	-117.225757	3.309	202.8	86.2	-169.6	15104
20161107160909.680	54.337903	-117.248568	3.266	183.1	87.3	179.1	7438
20161123023135.070	54.352201	-117.226912	3.271	15.5	90.0	179.3	14499
20161122145539.780	54.345821	-117.23925	3.35	23.8	86.4	-170.2	13894
20161102103754.920	54.346456	-117.246159	3.267	25.2	87.0	169.0	1616
20161123112811.780	54.350277	-117.227075	3.323	191.8	47.8	-177.6	14960
20161101011305.910	54.348503	-117.243481	3.272	214.2	88.7	178.0	704
20161107205908.750	54.337907	-117.248527	3.29	3.8	89.2	178.9	7491
20161123041607.440	54.344942	-117.240202	3.333	200.3	81.3	176.2	14593
20161108002154.710	54.337695	-117.248568	3.262	3.3	88.6	-179.2	7525
20161101004028.400	54.348527	-117.243449	3.272	213.7	89.5	175.2	691
20161122111306.640	54.34622	-117.238924	3.407	203.5	87.1	174.3	13302
20161122230303.090	54.345349	-117.239559	3.375	28.0	88.2	-168.8	14304
20161123114000.670	54.344071	-117.241081	3.343	26.1	89.2	-177.8	14972
20161106023859.670	54.346493	-117.238688	3.43	24.2	84.1	-175.8	6373
20161105184329.960	54.346102	-117.238949	3.402	23.1	85.3	178.1	5540
20161105153038.760	54.345809	-117.239233	3.381	25.1	89.3	-173.8	5052
20161103093524.380	54.347693	-117.241024	3.32	25.4	85.5	177.3	2398
20161111213719.220	54.338452	-117.238965	3.218	201.5	84.8	173.2	8424
20161130111838.540	54.341337	-117.234798	3.249	26.4	78.6	178.6	21997
20161120094250.950	54.347286	-117.241357	3.34	206.6	86.7	176.7	9650
20161103122729.110	54.347408	-117.241138	3.329	205.2	89.5	-178.6	2849
20161124000241.900	54.349211	-117.227393	3.306	208.1	44.5	-179.5	15308
20161125045318.070	54.346338	-117.246248	3.287	27.6	88.2	-179.4	16449
20161101171003.430	54.346952	-117.24576	3.216	18.1	69.6	170.6	1253
20161122113713.670	54.34672	-117.238477	3.336	207.9	83.6	-176.5	13373
20161122120508.830	54.346733	-117.238517	3.46	25.5	88.6	-177.1	13473
20161128072607.350	54.341549	-117.248299	3.189	0.3	90.0	179.7	19491
20161122042326.350	54.346334	-117.23881	3.427	24.6	86.9	-178.3	11873
20161106000333.230	54.346554	-117.238623	3.438	18.4	80.6	180.0	6180
20161103132600.720	54.347135	-117.241463	3.333	203.8	88.7	176.0	2996
20161122124524.290	54.345723	-117.239307	3.373	24.7	89.3	-174.3	13621
20161130145405.140	54.341064	-117.235026	3.266	201.7	84.9	173.2	22170
20161129170131.660	54.340417	-117.248218	3.13	205.5	89.0	174.8	21258
20161124075809.440	54.347249	-117.249854	3.337	4.7	87.5	177.8	15592
20161031084406.620	54.354045	-117.238485	3.342	210.3	88.5	-171.4	617
20161107103340.130	54.338078	-117.248568	3.271	178.7	79.2	165.1	7338
20161101035102.640	54.348389	-117.243604	3.258	35.2	88.8	-175.1	749
20161105222545.080	54.345154	-117.239673	3.356	27.7	84.8	-176.6	6040
20161122033851.240	54.346729	-117.238501	3.463	25.4	89.3	177.7	11707
20161122063134.590	54.345109	-117.24139	3.33	26.6	88.7	-161.8	12406
20161030065212.880	54.35389	-117.238631	3.339	204.9	87.1	-171.4	493
20161105110915.210	54.344495	-117.240674	3.359	22.9	86.4	174.5	4541
20161115172128.040	54.333101	-117.242424	3.26	31.3	87.5	-179.5	8905
20161106202618.440	54.346651	-117.238525	3.412	26.2	85.4	-172.9	7132
20161122053655.270	54.346395	-117.238761	3.428	24.8	85.8	-178.6	12202
20161127084739.480	54.352368	-117.226855	3.259	17.0	88.7	-175.1	18448
20161106033000.580	54.346753	-117.23842	3.349	22.5	84.0	178.9	6448
20161105195356.430	54.345622	-117.239299	3.361	25.7	89.3	179.3	5720
20161130112405.050	54.341418	-117.234741	3.255	201.0	88.5	179.8	22005
20161128153527.260	54.341349	-117.248437	3.215	181.3	86.5	-172.9	19973
20161123154254.750	54.341565	-117.248299	3.243	181.9	84.8	-179.1	15112
20161121044647.800	54.346903	-117.240243	3.327	204.9	88.7	-172.6	10552
20161105163434.560	54.344735	-117.240544	3.37	27.5	85.2	-178.1	5229
20161121095918.370	54.346773	-117.240324	3.31	26.7	88.6	-172.8	10994
20161103121051.680	54.347693	-117.241024	3.328	204.3	83.8	174.6	2803
20161121201320.210	54.345117	-117.236751	3.261	23.4	88.2	-173.5	11264
20161123202745.030	54.35238	-117.22675	3.275	16.8	87.6	178.9	15219
20161123211810.940	54.34952	-117.227401	3.317	192.3	36.3	174.6	15235
20161124074000.070	54.349683	-117.226945	3.307	189.5	37.9	167.7	15581
20161123050312.260	54.345422	-117.239575	3.368	209.5	88.9	163.7	14636
20161111163643.660	54.338635	-117.23877	3.249	28.0	87.0	-171.6	8340
20161129035338.480	54.340828	-117.240243	3.02	186.0	87.2	175.0	20426
20161115183733.220	54.332829	-117.242782	3.257	28.0	83.0	-175.5	8909
20161122085756.470	54.350061	-117.227246	3.324	188.2	38.9	161.4	12918
20161103005934.930	54.348409	-117.240251	3.332	204.1	88.4	178.9	1819
20161129190845.020	54.342668	-117.248283	3.23	1.0	75.9	177.4	21354
20161103014618.260	54.346562	-117.246012	3.264	204.9	89.7	-177.5	1891
20161029042017.710	54.353878	-117.237231	3.35	199.8	89.1	175.8	297
20161121061949.340	54.347005	-117.240161	3.33	206.2	89.2	179.9	10727
20161125111609.900	54.346566	-117.245475	3.274	202.6	89.5	178.1	17255
20161101014309.740	54.348104	-117.243929	3.258	212.1	86.9	179.8	717
20161116145851.720	54.338798	-117.243254	3.23	3.2	86.9	174.3	8962
20161122105042.350	54.345508	-117.234188	3.232	183.2	77.4	177.0	13239
20161103100536.750	54.347469	-117.241219	3.34	21.1	88.0	-179.9	2499
20161105112527.490	54.344523	-117.240723	3.367	24.8	86.6	-173.9	4556
20161105221316.090	54.34447	-117.240658	3.352	27.8	87.1	-172.0	6022
20161105161842.340	54.344242	-117.240845	3.362	26.4	85.9	-173.0	5192
20161101151013.630	54.347188	-117.245557	3.216	200.0	82.8	-177.0	1166
20161121102052.630	54.346692	-117.240389	3.32	26.2	88.1	-176.2	11010
20161103095708.570	54.346985	-117.241602	3.324	23.8	89.7	-177.4	2471
20161105182230.650	54.346179	-117.238949	3.404	19.4	83.4	176.6	5481
20161128030217.610	54.345951	-117.245321	3.238	5.7	85.4	178.7	19112
20161122135513.370	54.344816	-117.237012	3.264	23.4	87.2	-173.2	13808
20161123090756.030	54.35258	-117.225342	3.335	187.3	46.9	170.9	14848
20161030221900.020	54.353988	-117.238534	3.342	27.7	89.9	171.9	566
20161125100846.640	54.347555	-117.245312	3.222	18.0	78.1	174.9	17060
20161120100755.830	54.346696	-117.241821	3.32	207.9	88.7	179.0	9676
20161107124958.130	54.338159	-117.248535	3.26	181.7	86.3	178.4	7393
20161106133200.220	54.346594	-117.238582	3.415	205.5	89.7	178.9	6929
20161122220407.480	54.349967	-117.225977	3.331	188.5	52.8	177.7	14261
20161105171614.840	54.346057	-117.238989	3.396	24.5	86.8	-179.7	5319
20161108085355.700	54.337756	-117.248576	3.262	3.4	89.3	180.0	7598
20161122121903.170	54.345984	-117.239095	3.412	24.9	87.1	-173.2	13529
20161129030748.920	54.340674	-117.248372	3.254	182.2	76.4	176.6	20386
20161130012047.970	54.336344	-117.248657	3.186	210.5	72.4	173.7	21551
20161106031819.060	54.346688	-117.238468	3.344	22.4	86.5	179.7	6425
20161101171930.320	54.34718	-117.245614	3.226	21.2	84.2	-180.0	1255
20161125065827.410	54.346322	-117.246265	3.271	207.5	89.9	-178.3	16691
20161106170042.580	54.346444	-117.238721	3.423	24.2	85.7	-175.6	7032
20161106022452.890	54.346147	-117.238981	3.412	203.2	89.4	171.7	6351
20161122103654.720	54.349923	-117.227157	3.318	189.5	39.7	169.5	13190
20161127071512.610	54.352909	-117.225203	3.34	187.2	54.2	-173.2	18383
20161106061312.580	54.346847	-117.238387	3.425	206.6	84.8	174.0	6673
20161103045947.380	54.347929	-117.240658	3.329	21.8	83.2	-177.4	2077
20161128121443.000	54.340918	-117.248356	3.251	180.9	77.6	175.1	19731
20161130142431.690	54.341329	-117.234896	3.229	23.7	86.7	-163.2	22158
20161103023319.190	54.347994	-117.240617	3.329	204.7	89.5	-179.2	1953
20161106142631.590	54.346708	-117.238485	3.454	23.8	88.0	177.1	6951
20161122041955.750	54.345129	-117.241374	3.344	26.1	87.5	-167.5	11861
20161116032625.560	54.333028	-117.242464	3.251	210.2	89.5	168.8	8932
20161103124056.820	54.346826	-117.241707	3.326	23.8	73.8	176.8	2890
20161121230819.670	54.351937	-117.225505	3.322	196.8	54.5	-174.2	11377
20161107110551.520	54.33807	-117.248519	3.261	181.3	83.3	178.4	7348
20161129123135.970	54.331999	-117.2493	3.205	22.0	81.4	-178.8	20966
20161123073240.820	54.349561	-117.227344	3.316	176.1	24.3	153.7	14753
20161129190320.770	54.341589	-117.234538	3.248	26.3	84.0	178.9	21353
20161122025459.900	54.344885	-117.236979	3.265	202.6	86.5	172.6	11653
20161103050209.910	54.347941	-117.240715	3.312	25.9	88.8	175.6	2079
20161111075108.900	54.337207	-117.243433	3.223	1.3	86.4	178.5	8146
20161105180949.360	54.346122	-117.238973	3.402	24.9	85.1	-179.4	5443
20161130055211.670	54.343465	-117.233472	3.271	199.9	76.8	-177.2	21726
20161106083842.240	54.34694	-117.238192	3.331	31.3	88.7	-175.4	6791
20161122094354.700	54.346606	-117.23855	3.391	204.7	83.6	174.2	13046
20161101192239.730	54.347062	-117.245654	3.239	19.0	69.2	175.5	1311
20161129011127.610	54.340763	-117.248389	3.253	182.0	81.5	178.1	20309
20161106011720.530	54.346708	-117.238501	3.445	24.6	86.1	173.4	6280
20161112030952.200	54.336206	-117.248763	3.28	2.3	81.4	176.3	8504
20161110183459.460	54.336755	-117.243457	3.254	1.3	89.3	175.9	8054
20161103142143.240	54.347673	-117.240951	3.334	23.1	83.3	175.9	3176
20161105152032.150	54.345789	-117.239282	3.388	204.4	82.7	-179.5	5028
20161101115915.890	54.34681	-117.245825	3.215	13.8	55.2	162.1	897
20161121012232.100	54.347766	-117.239526	3.324	204.5	89.5	-175.3	10150
20161127014958.000	54.345654	-117.245337	3.276	192.1	89.7	177.7	18166
20161130151506.340	54.3415	-117.234652	3.259	200.5	86.8	-176.9	22185
20161125045326.360	54.344718	-117.247949	3.251	188.6	88.0	-175.0	16450
20161106175323.790	54.346704	-117.238436	3.338	208.4	81.3	-178.1	7063
20161110143528.270	54.338318	-117.243278	3.219	2.1	86.6	179.3	7976
20161123230012.310	54.349561	-117.227043	3.303	195.1	37.5	178.4	15263
20161104202508.520	54.345158	-117.241235	3.328	26.2	88.8	-174.4	3723
20161130165520.290	54.341256	-117.234945	3.231	21.9	74.5	-179.3	22251
20161122074107.220	54.345601	-117.234139	3.244	176.5	84.4	158.5	12669
20161101190255.420	54.347005	-117.245581	3.232	16.9	64.9	170.8	1305
20161121074206.010	54.347005	-117.24021	3.293	26.2	87.8	176.5	10864
20161122135449.630	54.345626	-117.234049	3.229	188.7	87.8	173.8	13807
20161120111004.870	54.347632	-117.241048	3.335	203.2	89.7	-179.4	9709
20161106045941.870	54.346965	-117.238249	3.413	24.1	86.1	-179.0	6592
20161105141353.450	54.345292	-117.239689	3.38	210.0	85.5	178.4	4771
20161129195600.670	54.341536	-117.234513	3.261	22.1	73.4	176.2	21383
20161103032936.100	54.347913	-117.240682	3.323	25.3	86.9	179.0	1998
20161121054753.830	54.346936	-117.240218	3.327	204.0	88.0	-174.5	10677
20161123172059.400	54.350163	-117.22714	3.309	191.6	42.8	173.9	15147
20161105172130.520	54.345817	-117.239242	3.398	206.5	89.6	175.2	5327
20161122040758.350	54.346716	-117.238485	3.458	26.1	85.8	171.3	11818
20161107102835.810	54.346989	-117.2382	3.35	26.0	86.5	171.9	7336
20161121045534.870	54.346989	-117.24021	3.296	20.6	89.0	176.3	10573
20161101024013.910	54.34845	-117.243547	3.265	214.3	88.9	177.5	732
20161122114950.900	54.345947	-117.239079	3.387	24.2	87.8	-170.6	13417
20161110143452.700	54.338517	-117.243302	3.229	184.2	86.4	175.8	7974
20161106081818.900	54.346871	-117.238354	3.437	22.7	88.0	-179.1	6780
20161105074136.710	54.344918	-117.240324	3.367	26.1	85.4	178.7	4291
20161120094615.650	54.34729	-117.241317	3.33	207.7	89.7	172.1	9653
20161105212203.820	54.345133	-117.239819	3.374	26.6	87.6	-170.3	5926
20161122231737.260	54.349984	-117.225887	3.323	186.5	58.0	-174.1	14323
20161101185934.670	54.346627	-117.245939	3.196	29.5	76.1	174.5	1301
20161125044906.440	54.344767	-117.247974	3.256	186.3	71.5	175.7	16434
20161030161943.770	54.353743	-117.238786	3.341	25.8	83.6	164.9	544
20161130100050.360	54.341394	-117.234725	3.26	21.5	84.2	176.6	21898
20161124040325.620	54.349801	-117.226855	3.305	198.1	35.9	172.1	15449
20161103065645.220	54.347909	-117.240747	3.307	25.9	86.7	-179.5	2155
20161101002822.620	54.348429	-117.24353	3.27	214.6	83.9	175.4	685
20161105163729.390	54.34541	-117.239543	3.365	25.9	84.0	-177.2	5239
20161103095853.160	54.346981	-117.241593	3.323	204.9	89.1	173.4	2475
20161105183539.930	54.345764	-117.239364	3.379	206.6	87.1	173.6	5515
20161129122553.960	54.343624	-117.233382	3.243	14.8	86.7	173.9	20953
20161104225917.700	54.34517	-117.241341	3.345	24.9	86.2	-177.6	3929
20161130024323.340	54.341496	-117.234644	3.269	21.4	89.0	-175.9	21586
20161105184621.900	54.345581	-117.239518	3.375	25.6	88.4	-179.1	5545
20161106150714.690	54.346842	-117.238289	3.334	209.3	84.1	178.4	6976
20161106024945.160	54.346708	-117.238485	3.411	23.6	84.9	-179.7	6395
20161122131122.240	54.34565	-117.239347	3.382	25.5	87.5	-173.4	13692
20161105085824.870	54.344771	-117.240479	3.361	27.4	86.3	-176.9	4418
20161102142203.520	54.346667	-117.245964	3.242	19.3	83.2	175.4	1657
20161106083827.610	54.346525	-117.238656	3.432	21.8	86.4	-178.8	6790
20161101141119.820	54.34657	-117.246012	3.248	25.8	87.2	176.8	1091
20161123072425.910	54.350671	-117.225667	3.33	203.1	83.1	-170.6	14742
20161110215404.840	54.337203	-117.243449	3.245	184.3	89.7	-178.1	8087
20161107231434.340	54.344633	-117.237118	3.262	202.7	84.5	169.0	7503
20161105095145.190	54.344674	-117.240576	3.353	209.1	89.3	179.7	4471
20161101092428.940	54.346981	-117.245719	3.218	18.2	68.2	171.7	838
20161125102142.050	54.346285	-117.245711	3.276	203.7	88.7	-168.4	17105
20161103134822.890	54.347896	-117.240739	3.299	32.3	88.3	173.8	3068
20161129032300.710	54.343001	-117.248145	3.228	178.9	89.0	170.2	20401
20161122110532.280	54.349858	-117.227384	3.325	190.6	45.0	175.4	13276
20161104043635.610	54.347546	-117.239722	3.321	22.8	89.7	-179.7	3503
20161128052953.110	54.341585	-117.248283	3.231	178.1	78.6	-177.5	19378
20161125123555.850	54.346493	-117.245532	3.263	16.8	78.0	173.8	17399
20161105150347.630	54.344356	-117.240812	3.344	26.7	86.4	177.6	4979
20161122040213.820	54.346578	-117.238574	3.407	208.1	88.1	-165.7	11793
20161103084725.840	54.347367	-117.241235	3.328	20.7	88.5	176.7	2300
20161106072743.350	54.346781	-117.238363	3.396	22.5	86.1	174.6	6737
20161129102733.050	54.340149	-117.248429	3.138	23.6	84.3	-165.5	20746
20161129111141.780	54.340853	-117.247729	3.139	211.4	77.9	159.7	20850
20161105182728.950	54.344755	-117.240373	3.323	194.5	79.7	-174.4	5493
20161123125735.260	54.352222	-117.226929	3.273	15.9	87.3	178.8	15035
20161031193233.010	54.354061	-117.238534	3.33	29.6	87.0	165.7	637
20161105232235.760	54.346529	-117.238631	3.436	24.9	88.0	-170.7	6130
20161126030819.090	54.352214	-117.226912	3.276	12.2	86.7	176.9	17818
20161121072301.740	54.346875	-117.240291	3.314	22.8	84.3	-180.0	10833
20161128033928.220	54.341577	-117.248283	3.209	6.1	77.4	164.1	19190
20161121040052.230	54.347205	-117.240055	3.308	197.6	88.4	179.3	10462
20161105205504.490	54.345679	-117.239347	3.378	208.3	89.3	170.5	5865
20161105143803.010	54.345426	-117.239535	3.377	208.2	88.7	-179.5	4863
20161123084614.530	54.352515	-117.225334	3.336	188.4	55.0	175.7	14834
20161122104118.990	54.349813	-117.227384	3.334	200.3	40.9	171.7	13203
20161128054017.010	54.34163	-117.248283	3.209	3.2	72.3	168.5	19390
20161122171549.980	54.345597	-117.239404	3.375	207.7	86.0	174.6	14059
20161029141139.530	54.353845	-117.238696	3.363	23.8	82.6	171.6	380
20161128041512.410	54.341553	-117.248315	3.208	6.2	80.6	166.2	19229
20161103021746.970	54.348035	-117.240617	3.327	21.9	88.1	178.3	1934
20161105141649.270	54.345382	-117.239575	3.378	27.6	88.5	-177.5	4790
20161104222154.010	54.345158	-117.24139	3.343	203.0	89.5	176.1	3887
20161122124533.470	54.345601	-117.239445	3.394	24.1	89.9	-175.9	13622
20161122155830.700	54.345679	-117.239307	3.388	23.1	86.0	-173.8	13964
20161123091602.790	54.350301	-117.245158	3.606	65.9	8.9	108.3	14862
20161123092024.440	54.344348	-117.24082	3.336	27.1	86.1	-172.3	14869
20161128011155.670	54.343172	-117.233651	3.244	14.9	84.3	176.6	19007
20161103103924.780	54.347583	-117.24104	3.327	22.2	87.3	178.2	2577
20161105192606.650	54.34515	-117.239827	3.37	28.7	87.7	-178.3	5646
20161104213109.220	54.344983	-117.241439	3.327	24.6	86.4	-172.9	3832
20161101163238.960	54.346879	-117.245825	3.217	19.2	80.8	171.5	1233
20161128042734.130	54.343494	-117.233398	3.266	201.4	80.6	-178.3	19246
20161105090343.780	54.344779	-117.240462	3.361	26.9	88.3	-177.0	4423
20161130105723.770	54.34176	-117.234416	3.273	24.4	89.1	174.5	21957
20161128192119.280	54.343624	-117.23335	3.279	16.5	78.3	172.8	20075
20161120231816.820	54.347542	-117.239689	3.322	201.9	85.5	176.7	9967
20161125000342.780	54.349548	-117.227474	3.327	191.2	14.8	177.3	16014
20161125101022.140	54.34622	-117.245703	3.28	207.4	89.6	-179.2	17070
20161125061355.620	54.346688	-117.245915	3.234	21.7	80.8	178.8	16598
20161101030115.670	54.348417	-117.243555	3.268	35.5	88.3	-176.9	735
20161122091852.650	54.350033	-117.227279	3.323	188.3	33.3	163.0	12980
20161125061431.950	54.34659	-117.246053	3.23	24.4	61.8	174.3	16600
20161129131025.700	54.343066	-117.233716	3.243	197.8	87.0	179.1	21012
20161101190023.680	54.34679	-117.24589	3.225	19.3	69.7	174.6	1303
20161029102539.880	54.353809	-117.238688	3.366	202.2	88.0	175.4	346
20161107104520.870	54.338155	-117.24856	3.266	183.3	87.9	179.1	7341
20161115153215.110	54.338383	-117.24327	3.208	350.8	78.5	179.0	8899
20161105140303.300	54.344784	-117.24047	3.359	24.6	87.0	-175.7	4749
20161121045336.380	54.347404	-117.239795	3.293	188.6	70.2	177.5	10568
20161121073504.120	54.347139	-117.240104	3.293	204.0	89.0	174.7	10844
20161105143145.370	54.345549	-117.239445	3.395	26.8	89.5	177.5	4845
20161105225535.080	54.345414	-117.239461	3.369	27.9	89.2	-171.7	6086
20161112080931.490	54.337646	-117.239827	3.252	30.4	89.4	-165.8	8552
20161119154317.690	54.347974	-117.240649	3.324	24.1	79.9	176.0	9325
20161105192847.940	54.345577	-117.239535	3.38	27.8	89.0	-172.2	5655
20161124003047.870	54.34952	-117.227555	3.328	194.2	38.1	178.2	15327
20161103092903.660	54.347559	-117.241138	3.339	201.6	88.3	-177.5	2380
20161121003944.480	54.347013	-117.240194	3.31	206.2	85.1	179.5	10084
20161122053458.080	54.346655	-117.238477	3.361	28.0	87.3	-175.4	12196
20161121060811.170	54.347103	-117.24012	3.288	21.5	85.9	175.9	10709
20161101180516.590	54.346871	-117.245776	3.218	18.0	67.6	171.0	1284
20161120130028.930	54.347111	-117.241471	3.332	206.4	87.0	178.5	9748
20161127222704.400	54.343347	-117.233561	3.261	204.0	86.6	178.5	18838
20161106065640.510	54.346733	-117.23842	3.397	22.4	85.4	178.3	6712
20161121021437.500	54.346993	-117.240202	3.31	22.1	88.4	175.5	10260
20161103124945.200	54.346659	-117.241813	3.316	28.1	89.8	-175.5	2908
20161122110644.690	54.346529	-117.238623	3.444	27.2	85.9	-169.4	13281
20161111091023.770	54.337158	-117.243441	3.224	180.6	87.1	-177.9	8171
20161120091137.360	54.347559	-117.241073	3.334	206.7	84.4	176.5	9623
20161129013852.530	54.343644	-117.233309	3.272	203.4	86.9	-176.0	20324
20161105225117.540	54.345903	-117.239119	3.4	207.6	86.2	177.0	6084
20161121030843.950	54.346973	-117.240194	3.327	201.9	86.0	179.2	10355
20161105190537.270	54.345557	-117.239429	3.385	26.4	89.4	-173.3	5592
20161122080513.050	54.346383	-117.238778	3.42	26.6	87.4	178.5	12747
20161129123406.000	54.340068	-117.248486	3.139	10.9	51.5	163.5	20971
20161129162829.840	54.341614	-117.248315	3.232	6.4	90.0	177.5	21227
20161105182236.010	54.345797	-117.239282	3.376	24.9	85.8	-172.9	5482
20161110033548.280	54.338444	-117.243311	3.247	174.5	81.4	167.4	7839
20161105161418.250	54.344116	-117.241007	3.353	22.8	87.8	-178.2	5183
20161122175528.410	54.34561	-117.239421	3.385	23.8	89.3	-173.0	14092
20161115015829.190	54.333	-117.242497	3.262	31.5	86.2	-174.7	8828
20161123113103.720	54.344287	-117.240861	3.343	25.8	89.3	-175.1	14963
20161130071708.410	54.332987	-117.248958	3.214	203.6	74.4	170.5	21797
20161103040841.830	54.347909	-117.240706	3.328	206.7	89.1	172.2	2035
20161110093430.320	54.335929	-117.248787	3.281	5.1	87.4	171.2	7919
20161128002234.640	54.343225	-117.233602	3.255	194.6	86.4	-173.5	18946
20161121102016.550	54.346985	-117.240194	3.329	206.2	81.4	177.0	11009
20161128200644.810	54.343225	-117.233659	3.239	18.1	83.4	-174.6	20102
20161130142354.310	54.341256	-117.235002	3.228	28.7	87.9	176.5	22157
20161101125520.510	54.347172	-117.245581	3.224	19.9	74.4	172.4	977
20161103035544.120	54.347933	-117.240682	3.327	25.0	82.1	180.0	2021
20161129074217.720	54.338904	-117.243245	3.227	182.1	81.7	178.6	20630
20161103095905.060	54.34764	-117.241024	3.322	25.5	86.6	-179.6	2476
20161125011221.440	54.346659	-117.245923	3.234	25.7	82.3	-175.0	16146
20161107153555.680	54.338371	-117.248511	3.257	3.2	86.5	-179.5	7429
20161125043412.260	54.346338	-117.246216	3.278	208.3	88.1	-179.2	16400
20161122133402.630	54.345549	-117.239437	3.389	24.9	87.1	-173.2	13756
20161105202242.260	54.345654	-117.239404	3.385	26.5	87.2	-173.2	5795
20161105200501.780	54.344702	-117.24043	3.366	24.7	88.4	-173.2	5748
20161101010350.500	54.34849	-117.243473	3.266	215.1	86.7	-176.6	701
20161127045935.180	54.343876	-117.248022	3.276	181.6	88.3	177.8	18233
20161101112910.820	54.346814	-117.245858	3.215	18.8	61.7	165.1	886
20161121022113.970	54.346757	-117.240389	3.318	18.7	89.4	179.6	10272
20161125103432.120	54.346358	-117.245622	3.269	23.5	88.0	171.1	17143
20161101150235.410	54.346663	-117.245988	3.228	20.0	72.1	171.5	1160
20161123101805.210	54.344446	-117.240755	3.356	25.9	88.3	-175.8	14919
20161123172550.650	54.352437	-117.225212	3.326	190.4	60.6	178.7	15150
20161122125542.430	54.345443	-117.23951	3.378	24.8	87.2	-172.5	13647
20161120234042.830	54.347095	-117.23999	3.334	24.3	87.9	174.4	10001
20161122232744.530	54.350098	-117.225887	3.326	193.7	53.1	-175.4	14327
20161111221902.290	54.337712	-117.239697	3.252	28.4	82.9	-175.5	8437
20161105134121.800	54.345357	-117.239632	3.363	29.8	88.9	-177.6	4714
20161129103139.470	54.336222	-117.248576	3.158	25.4	89.2	-169.3	20757
20161105200541.620	54.346342	-117.238794	3.421	27.7	87.3	-170.6	5750
20161105144417.350	54.345805	-117.239217	3.397	25.7	84.9	-179.2	4892
20161130100647.470	54.342188	-117.231087	3.258	200.0	85.9	171.7	21902
20161101131846.620	54.347184	-117.245557	3.218	21.6	86.8	174.9	1012
20161108001330.880	54.337691	-117.248584	3.27	180.9	88.7	-178.0	7521
20161101160225.520	54.346818	-117.245866	3.222	14.8	65.3	165.1	1209
20161030084142.890	54.353951	-117.23859	3.344	28.0	84.1	169.1	513
20161123161002.670	54.34967	-117.226978	3.307	192.4	40.9	174.2	15117
20161105021712.740	54.345439	-117.241064	3.323	207.8	80.6	175.3	4120
20161122052616.690	54.346777	-117.238534	3.461	24.1	87.5	-173.2	12165
20161124084455.480	54.344718	-117.241699	3.327	23.5	88.1	-172.7	15622
20161103140857.390	54.347652	-117.241089	3.317	26.7	87.7	-175.0	3137
20161120222859.060	54.347257	-117.239917	3.334	202.7	85.3	-178.2	9867
20161122053810.580	54.346842	-117.238395	3.446	26.7	87.1	-178.1	12205
20161124080833.350	54.35011	-117.225562	3.311	198.7	79.9	-179.8	15603
20161123082307.670	54.349662	-117.22736	3.319	193.2	42.7	179.2	14805
20161120091406.120	54.347099	-117.241479	3.33	203.7	87.4	180.0	9625
20161129135517.910	54.341744	-117.234473	3.268	27.9	85.6	173.1	21077
20161106034438.210	54.346733	-117.238411	3.343	22.4	86.5	179.7	6465
20161104195420.950	54.345675	-117.24091	3.343	206.0	88.7	170.2	3690
20161105090755.220	54.344999	-117.241447	3.335	24.8	88.4	-172.7	4428
20161122094500.240	54.349992	-117.227189	3.318	182.6	32.4	162.8	13048
20161121025658.820	54.346903	-117.240251	3.323	200.8	86.5	179.5	10333
20161122072513.110	54.346224	-117.238892	3.41	25.7	87.9	-178.1	12615
20161106035538.670	54.346651	-117.238534	3.44	28.8	88.2	176.6	6488
20161123082410.370	54.345752	-117.239282	3.372	209.4	87.2	179.9	14809
20161125124634.540	54.346387	-117.24563	3.269	201.9	86.3	-170.9	17411
20161121090356.030	54.347066	-117.240145	3.291	204.5	89.9	173.4	10950
20161102161835.250	54.346476	-117.246143	3.273	27.5	89.7	-178.9	1682
20161122113413.500	54.346606	-117.238615	3.416	206.2	82.7	173.9	13362
20161129040204.260	54.341166	-117.248332	3.228	0.5	83.2	168.7	20438
20161105131229.080	54.344234	-117.240877	3.353	26.5	87.7	-172.9	4679
20161122040711.750	54.346647	-117.238485	3.338	214.1	83.3	-172.3	11815
20161106063532.280	54.346598	-117.238566	3.438	205.9	84.0	176.3	6692
20161122134521.200	54.345976	-117.239063	3.397	25.6	86.1	-178.0	13779
20161122082049.110	54.350126	-117.227165	3.323	190.0	39.5	165.5	12812
20161122043118.340	54.345382	-117.236548	3.258	209.2	88.2	-168.6	11911
20161128053704.970	54.343351	-117.233545	3.259	17.5	89.3	179.0	19387
20161130110541.150	54.341036	-117.23501	3.267	197.9	83.6	177.3	21971
20161103082807.730	54.347335	-117.241292	3.325	23.2	86.6	179.0	2260
20161122064802.470	54.346606	-117.238599	3.459	23.4	89.3	-170.9	12483
20161103121101.070	54.346757	-117.241821	3.318	204.8	89.4	-172.2	2804
20161111112409.150	54.338261	-117.243343	3.241	179.7	86.2	178.2	8203
20161029055929.020	54.35533	-117.235881	3.345	205.1	90.0	-173.9	306
20161107070035.260	54.346871	-117.238338	3.454	208.3	88.8	178.8	7294
20161101051240.130	54.348246	-117.243774	3.262	214.4	84.0	178.0	760
20161123002249.700	54.352153	-117.225382	3.328	189.7	64.6	178.2	14374
20161103062957.290	54.34668	-117.245931	3.24	23.8	84.7	176.4	2135
20161107231745.120	54.346891	-117.238232	3.357	211.1	87.4	177.9	7507
20161122050508.600	54.346379	-117.238778	3.421	25.8	88.8	178.2	12075
20161126040701.750	54.350614	-117.225521	3.306	215.3	44.1	172.4	17834
20161111152509.110	54.338159	-117.239274	3.248	207.2	88.0	172.8	8304
20161103043111.850	54.347831	-117.240755	3.328	25.6	88.6	173.0	2052
20161123085610.160	54.344535	-117.240682	3.352	23.7	87.8	179.5	14840
20161111142319.920	54.337817	-117.239632	3.247	32.3	81.9	-177.9	8285
20161106015757.100	54.346615	-117.238534	3.35	20.4	82.1	175.8	6325
20161122041946.880	54.346741	-117.238411	3.395	206.4	85.3	179.2	11860
20161122162235.430	54.351876	-117.225423	3.325	190.1	53.0	176.8	13993
20161130135331.460	54.341451	-117.234757	3.233	29.6	87.1	177.4	22128
20161101155246.810	54.346867	-117.245825	3.221	15.8	60.5	164.6	1204
20161105144853.060	54.345776	-117.239201	3.388	207.2	89.4	-177.8	4915
20161122105125.690	54.349792	-117.227246	3.316	191.5	41.4	173.1	13240
20161125192431.020	54.349097	-117.226335	3.311	197.4	48.5	176.2	17667
20161121013732.630	54.347994	-117.239347	3.324	202.7	89.8	179.3	10175
20161121085905.960	54.346822	-117.240324	3.313	201.3	85.4	179.0	10936
20161103101456.580	54.347571	-117.241178	3.327	25.7	87.3	179.0	2522
20161110100503.900	54.338578	-117.243294	3.246	178.0	76.6	172.7	7929
20161122050439.790	54.345414	-117.234277	3.262	9.7	87.7	178.9	12072
20161110040012.270	54.33761	-117.2434	3.276	186.9	85.7	174.6	7846
20161027223638.610	54.355221	-117.235994	3.348	204.2	89.1	-167.8	128
20161029113414.940	54.353894	-117.237199	3.353	25.2	84.5	164.7	353
20161118111722.360	54.351408	-117.2389	3.332	18.3	87.3	173.4	9037
20161125051515.290	54.347371	-117.245467	3.227	14.4	88.8	171.5	16495
20161120224601.840	54.347461	-117.239771	3.327	24.8	86.3	178.8	9904
20161121051328.050	54.347803	-117.239518	3.326	26.4	89.4	179.8	10615
20161103090209.050	54.347904	-117.240731	3.306	29.1	89.6	-172.1	2331
20161122040515.030	54.34648	-117.23868	3.419	206.6	87.0	-170.7	11807
20161101142958.580	54.346696	-117.245939	3.223	18.6	71.9	170.2	1125
20161122115749.940	54.346383	-117.23877	3.431	206.3	85.8	178.4	13456
20161122142501.650	54.345658	-117.239388	3.385	206.2	87.6	171.2	13860
20161121070859.700	54.34696	-117.240251	3.291	26.0	87.6	-177.2	10814
20161125062221.600	54.347937	-117.245052	3.275	5.7	81.3	179.5	16621
20161105164813.650	54.344649	-117.240584	3.347	206.6	87.5	179.8	5265
20161103135640.270	54.347221	-117.241349	3.337	26.0	85.2	-179.4	3093
20161129104654.440	54.333	-117.248958	3.213	206.7	80.2	-164.3	20805
20161116015504.870	54.333016	-117.242489	3.253	30.5	82.2	-177.1	8927
20161115030304.380	54.332992	-117.242513	3.259	32.7	87.2	-171.9	8833
20161125100055.940	54.346273	-117.245679	3.273	24.9	82.8	169.9	17029
20161103103001.960	54.347485	-117.241162	3.342	21.8	88.3	175.2	2554
20161122100431.390	54.349463	-117.227539	3.327	192.5	38.3	176.7	13113
20161123083633.190	54.35072	-117.225635	3.324	204.7	85.2	-169.6	14822
20161101031211.920	54.348393	-117.243636	3.268	213.5	86.4	179.1	738
20161125064558.120	54.345658	-117.247786	3.273	135.1	86.5	170.4	16663
20161123013912.640	54.34576	-117.23929	3.378	25.6	87.9	-173.3	14453
20161129045624.110	54.340849	-117.240251	3.018	185.2	83.4	179.5	20496
20161122041204.260	54.346822	-117.23842	3.44	26.0	88.8	-173.0	11833
20161121131733.550	54.347074	-117.240137	3.29	204.3	85.7	171.8	11122
20161105004207.060	54.345561	-117.241007	3.337	206.0	88.9	173.4	4046
20161106083639.500	54.346651	-117.238534	3.449	24.1	85.8	177.4	6789
20161130164757.820	54.341329	-117.234823	3.26	203.0	82.7	179.4	22248
20161129053736.290	54.34161	-117.24834	3.26	178.7	83.9	-178.6	20531
20161121004537.700	54.347758	-117.239535	3.327	205.4	86.3	-175.4	10092
20161109173627.220	54.335807	-117.248787	3.278	0.2	87.6	175.3	7738
20161123084506.090	54.344104	-117.241007	3.349	24.9	87.0	-179.1	14832
20161111062544.280	54.338167	-117.248527	3.235	2.3	88.5	178.0	8134
20161120224937.120	54.347412	-117.239795	3.333	24.4	88.0	-178.8	9911
20161122041646.350	54.34672	-117.238493	3.422	207.6	88.2	-175.8	11849
20161103123058.610	54.347823	-117.240788	3.304	209.3	86.4	175.4	2857
20161123080006.670	54.350285	-117.227075	3.323	197.6	43.3	-177.6	14781
20161124054451.640	54.352429	-117.225155	3.316	197.4	68.0	-159.2	15504
20161128104519.250	54.341028	-117.248315	3.264	178.6	86.7	179.8	19648
20161125011445.090	54.347046	-117.245679	3.214	20.6	64.3	179.6	16150
20161123065226.500	54.349255	-117.227474	3.316	199.4	47.1	-170.7	14727
20161105020049.350	54.345081	-117.241398	3.338	206.0	88.0	167.6	4111
20161105160723.060	54.345951	-117.239095	3.392	28.4	84.4	-173.3	5170
20161105155428.620	54.346021	-117.239087	3.393	204.6	81.0	172.1	5127
20161126090252.320	54.352307	-117.226888	3.272	195.9	89.5	-174.9	17939
20161122112106.400	54.349748	-117.227311	3.319	191.2	39.2	172.3	13316
20161106005037.720	54.346566	-117.238623	3.454	24.3	85.1	178.0	6250
20161029204317.170	54.353776	-117.238745	3.372	24.8	90.0	175.4	431
20161105022724.500	54.345211	-117.241268	3.324	21.9	88.2	-179.7	4122
20161103084133.190	54.347375	-117.241243	3.322	25.2	84.9	179.4	2290
20161125062034.940	54.347896	-117.245052	3.27	360.0	84.3	174.1	16613
20161103094141.840	54.347489	-117.241235	3.364	23.7	87.7	174.0	2415
20161110174043.140	54.336662	-117.24353	3.255	177.8	83.7	168.2	8042
20161123030839.820	54.349609	-117.227254	3.313	191.9	34.2	174.3	14544
20161120083922.730	54.347331	-117.241317	3.322	24.9	85.6	179.6	9593
20161102224816.370	54.346619	-117.245988	3.252	26.4	87.0	-179.5	1771
20161121033603.280	54.347217	-117.240063	3.31	192.6	75.9	-176.1	10415
20161122181656.950	54.345439	-117.239567	3.365	26.3	86.8	-170.7	14110
20161129131739.680	54.342639	-117.248153	3.23	187.6	89.6	-177.3	21021
20161105145434.100	54.345703	-117.239331	3.375	28.8	88.1	-173.5	4939
20161105153436.190	54.344499	-117.240723	3.358	24.6	86.5	-174.0	5065
20161101000738.850	54.348372	-117.243644	3.272	213.7	88.4	179.2	672
20161121011250.040	54.347083	-117.240088	3.329	206.4	89.9	170.6	10131
20161124164511.960	54.350081	-117.225578	3.316	200.7	82.8	-176.9	15858
20161105184319.040	54.34517	-117.239754	3.38	23.1	86.1	-172.9	5538
20161111084207.010	54.338163	-117.239315	3.245	31.8	87.8	-163.2	8166
20161103142153.710	54.347628	-117.241056	3.314	25.8	87.9	-177.6	3177
20161106010134.060	54.345292	-117.239657	3.376	208.6	89.7	174.5	6268
20161105215510.030	54.345487	-117.239535	3.376	25.6	89.8	-173.6	5997
20161129181443.800	54.341585	-117.234611	3.256	24.3	78.6	176.6	21313
20161105233526.350	54.345618	-117.239429	3.403	23.5	86.6	-172.2	6146
20161107112627.300	54.338037	-117.248535	3.263	182.3	84.0	179.5	7356
20161122161349.680	54.34515	-117.239779	3.373	28.6	86.3	-170.0	13979
20161106023254.210	54.34554	-117.239421	3.366	26.9	86.2	-171.1	6364
20161103090715.910	54.347363	-117.241268	3.339	22.9	87.1	-177.7	2339
20161129093416.060	54.3415	-117.248315	3.233	180.4	86.5	173.8	20693
20161125071902.130	54.346289	-117.246265	3.279	210.3	89.2	174.8	16721
20161130102912.840	54.34172	-117.234538	3.265	202.9	82.6	174.5	21926
20161122040534.350	54.346769	-117.238444	3.461	27.3	86.0	-178.8	11808
20161119152813.370	54.348596	-117.239819	3.327	201.4	81.0	173.5	9312
20161106065246.360	54.346598	-117.238582	3.438	26.6	88.2	-177.6	6709
20161121065346.730	54.347404	-117.239836	3.326	205.0	89.3	-175.8	10785
20161121062041.090	54.347017	-117.240186	3.29	20.5	85.0	176.9	10728
20161129103209.200	54.333146	-117.248861	3.215	216.2	71.8	177.5	20760
20161105120810.900	54.344389	-117.240755	3.348	27.0	88.0	-171.0	4599
20161121071149.230	54.347144	-117.240104	3.292	204.0	86.1	179.3	10817
20161125102511.280	54.34978	-117.22723	3.315	194.4	32.4	173.6	17113
20161123010356.410	54.345736	-117.239299	3.383	27.4	88.8	-166.4	14418
20161105132255.340	54.344556	-117.240706	3.354	26.7	85.3	-179.3	4690
20161103084525.300	54.34742	-117.241211	3.325	25.0	81.3	179.6	2298
20161125045555.030	54.346655	-117.245955	3.235	22.9	73.3	-178.4	16456
20161028141251.420	54.3552	-117.236003	3.35	205.0	88.2	-172.6	210
20161111025801.170	54.337227	-117.243424	3.224	184.4	84.8	178.6	8125
20161122114746.830	54.346708	-117.23846	3.367	25.9	85.9	-178.0	13411
20161101003132.670	54.348486	-117.243481	3.272	214.7	88.9	175.8	686
20161101191125.840	54.346806	-117.245744	3.213	18.5	81.5	171.3	1307
20161101121637.830	54.346265	-117.246297	3.266	23.7	81.4	171.5	920
20161105170516.760	54.345634	-117.239396	3.342	31.1	89.1	-170.7	5304
20161123202134.800	54.350024	-117.225846	3.324	192.6	50.0	176.0	15216
20161127121325.650	54.344926	-117.236922	3.272	202.4	89.6	172.6	18598
20161125004218.110	54.346403	-117.246167	3.275	26.2	88.1	174.1	16081
20161123190445.590	54.341374	-117.248291	3.248	3.3	84.8	167.7	15194
20161122120944.740	54.352083	-117.227059	3.259	16.1	87.8	178.4	13489
20161123231451.860	54.352295	-117.226782	3.273	13.6	83.7	176.6	15274
20161123024346.460	54.34482	-117.240308	3.335	199.1	76.5	177.5	14514
20161129052001.840	54.341602	-117.248315	3.224	182.1	73.0	174.7	20516
20161125101035.580	54.345732	-117.246126	3.26	207.3	89.8	-178.6	17071
20161121015253.710	54.346969	-117.240202	3.318	22.8	85.0	177.9	10217
20161122110314.520	54.34974	-117.227271	3.319	191.1	43.0	173.2	13271
20161114225250.540	54.334648	-117.249251	3.276	1.6	82.0	172.7	8816
20161122043328.530	54.346847	-117.238322	3.356	207.7	87.9	178.3	11917
20161122201325.690	54.345829	-117.239266	3.379	27.0	86.3	-166.2	14189
20161106042658.800	54.345215	-117.239738	3.357	26.7	85.4	177.8	6551
20161105235307.280	54.34517	-117.239754	3.385	26.5	86.5	-177.9	6164
20161107104845.290	54.338049	-117.248568	3.267	178.8	85.1	171.0	7344
20161122045353.610	54.346574	-117.238599	3.446	206.2	88.5	-174.3	12018
20161121014207.140	54.347791	-117.23951	3.324	206.6	85.9	-179.1	10188
20161127140748.070	54.338839	-117.243278	3.233	181.1	87.1	179.0	18647
20161031190752.540	54.354045	-117.237126	3.363	21.3	86.5	172.8	631
20161124000243.570	54.350338	-117.227035	3.325	201.4	49.1	-165.8	15309
20161121011913.310	54.34703	-117.24012	3.327	28.5	85.0	174.6	10146
20161120225104.690	54.347599	-117.239689	3.328	202.4	86.2	-178.1	9915
20161129193029.750	54.341614	-117.234465	3.273	202.8	88.4	179.6	21365
20161122234914.190	54.350073	-117.225993	3.329	187.7	58.6	-175.9	14340
20161129015106.970	54.349992	-117.22736	3.329	185.3	34.7	171.6	20342
20161114025544.750	54.338342	-117.248543	3.224	0.4	87.3	-179.8	8765
20161126224707.860	54.352547	-117.225203	3.327	187.2	56.1	173.8	18113
20161129175258.550	54.341618	-117.234562	3.268	24.4	80.3	-178.3	21295
20161106173731.940	54.346818	-117.238379	3.345	204.8	86.9	171.2	7055
20161122113351.410	54.349878	-117.227417	3.328	181.2	32.0	155.8	13360
20161125033951.870	54.346655	-117.245898	3.239	24.6	83.5	-178.7	16337
20161105120048.690	54.345089	-117.240169	3.375	26.1	89.6	-176.7	4590
20161122133210.790	54.346037	-117.239046	3.413	21.4	87.6	-178.0	13744
20161110104806.390	54.338489	-117.243286	3.225	183.9	87.1	176.6	7939
20161107032836.350	54.346606	-117.238582	3.451	22.0	89.8	-173.4	7247
20161103080430.110	54.34718	-117.241382	3.327	24.9	87.7	166.6	2201
20161105145747.050	54.345772	-117.239258	3.377	22.0	88.9	176.1	4954
20161122095806.140	54.34998	-117.227181	3.317	190.0	37.5	170.8	13093
20161123201343.060	54.350391	-117.227067	3.325	200.6	47.4	-178.1	15212
20161125174327.160	54.349902	-117.225692	3.303	203.2	87.4	-176.3	17641
20161031162412.830	54.354175	-117.23842	3.367	21.6	89.7	173.1	627
20161123144403.160	54.344808	-117.240356	3.332	196.0	69.6	178.4	15088
20161105174022.570	54.345044	-117.239884	3.365	213.7	85.5	172.1	5373
20161122210507.760	54.34989	-117.227214	3.314	189.4	37.0	168.2	14216
20161129145606.270	54.341703	-117.234456	3.258	30.5	87.4	172.5	21135
20161114234459.400	54.33304	-117.242529	3.253	208.3	89.4	172.4	8821
20161101075202.800	54.348771	-117.243205	3.251	215.1	88.5	-179.8	793
20161123030520.410	54.345378	-117.239583	3.378	27.3	88.4	-169.8	14540
20161122140839.370	54.345239	-117.239681	3.376	24.5	86.2	-173.2	13832
20161101020444.950	54.348523	-117.243449	3.27	214.3	88.7	176.2	723
20161031233228.720	54.354069	-117.238574	3.346	203.0	85.4	-178.7	647
20161106074105.430	54.34694	-117.238216	3.345	212.3	89.9	166.5	6745
20161109022317.780	54.33726	-117.248608	3.269	180.6	84.8	171.0	7669
20161107000902.780	54.346631	-117.238558	3.408	22.9	85.6	-172.4	7211
20161122122503.850	54.345736	-117.239266	3.387	24.7	90.0	-170.6	13556
20161105191751.610	54.345756	-117.239258	3.373	205.7	89.1	177.5	5624
20161124002321.660	54.34716	-117.249845	3.336	6.4	88.4	177.5	15323
20161122190800.620	54.350077	-117.234237	3.307	192.3	88.3	178.8	14139
20161127165957.730	54.342993	-117.248153	3.232	359.1	87.0	-175.8	18712
20161105174457.340	54.346004	-117.23903	3.398	23.4	86.1	-171.6	5381
20161110025453.810	54.335506	-117.248796	3.281	182.1	80.0	165.0	7817
20161122045139.220	54.346745	-117.238428	3.349	26.0	86.7	-176.7	12005
20161122100853.470	54.349182	-117.227865	3.321	191.7	38.9	170.3	13120
20161127145251.070	54.346004	-117.24541	3.302	9.8	89.7	177.6	18669
20161105101800.410	54.344702	-117.240503	3.358	25.3	88.3	-177.2	4496
20161122170222.350	54.352193	-117.225472	3.338	188.0	50.1	175.1	14035
20161130030515.630	54.341423	-117.234741	3.245	202.4	83.9	-177.1	21596
20161127071613.740	54.345793	-117.245296	3.277	190.9	89.7	-176.5	18385
20161122051704.810	54.346261	-117.238875	3.391	25.2	87.5	169.7	12128
20161105160743.210	54.345793	-117.239225	3.396	23.9	89.0	-174.8	5172
20161107091807.180	54.347168	-117.238078	3.428	204.5	88.0	177.0	7319
20161130141706.300	54.34117	-117.234945	3.252	21.0	83.2	-179.6	22146
20161101150525.570	54.346623	-117.245947	3.232	20.2	87.4	-179.9	1162
20161123114934.420	54.350863	-117.225431	3.325	202.6	72.9	-173.1	14977
20161122053828.660	54.346659	-117.238542	3.438	26.0	85.9	-177.1	12206
20161125044737.300	54.344771	-117.247941	3.256	7.0	89.8	176.4	16431
20161105190028.270	54.345671	-117.239355	3.371	26.1	87.6	-176.4	5581
20161111123949.490	54.337882	-117.239575	3.25	205.9	85.2	171.4	8236
20161030144954.400	54.353748	-117.238713	3.359	25.7	88.8	171.0	537
20161103082551.670	54.3479	-117.240755	3.307	26.1	88.3	177.3	2252
20161105181144.260	54.345886	-117.239185	3.397	26.2	89.4	-174.3	5449
20161110095529.280	54.33835	-117.243408	3.243	180.7	86.2	174.8	7923
20161110100429.010	54.335352	-117.248828	3.277	181.1	83.2	171.4	7928
20161121072103.370	54.346944	-117.240218	3.325	206.6	88.6	171.7	10829
20161111134642.460	54.338188	-117.239274	3.245	28.1	88.1	-171.3	8273
20161105215535.900	54.346362	-117.23877	3.417	201.7	82.0	172.1	5998
20161103134259.210	54.347713	-117.240967	3.335	23.7	89.0	179.3	3051
20161109153837.340	54.338477	-117.248511	3.241	182.3	85.7	175.6	7721
20161125104307.070	54.346362	-117.24563	3.274	23.7	86.6	165.6	17159
20161105231747.720	54.345475	-117.23951	3.358	208.5	87.7	165.5	6123
20161101144215.120	54.346651	-117.245988	3.226	23.5	79.9	170.9	1140
20161123030510.120	54.34528	-117.239689	3.371	211.0	88.3	166.2	14539
20161105180509.970	54.345744	-117.239266	3.393	27.2	86.8	-172.1	5428
20161122095451.570	54.34609	-117.23903	3.391	23.6	89.6	-178.9	13081
20161123054126.330	54.349418	-117.227425	3.318	196.5	36.0	178.2	14670
20161122040617.140	54.346366	-117.238778	3.424	25.5	88.0	173.6	11810
20161122043203.460	54.346659	-117.238485	3.413	28.2	86.5	177.9	11915
20161103100858.640	54.347579	-117.241048	3.327	23.2	87.8	178.9	2505
20161125113553.230	54.346387	-117.245605	3.274	203.8	88.6	-168.5	17291
20161123072346.210	54.35002	-117.225887	3.318	188.5	56.6	-173.5	14741
20161128062416.430	54.341561	-117.248315	3.19	186.2	81.5	175.5	19439
20161106001533.540	54.345809	-117.239225	3.398	23.9	87.3	-177.3	6194
20161130045805.030	54.336401	-117.248584	3.178	26.3	89.0	-167.1	21682
20161122100459.730	54.349854	-117.227295	3.319	191.1	43.0	173.2	13114
20161104204123.570	54.345231	-117.241276	3.345	23.7	86.0	-178.5	3750
20161103044133.570	54.347896	-117.240698	3.329	20.9	86.5	-179.6	2062
20161104205950.520	54.345178	-117.241341	3.327	25.9	88.1	-171.8	3776
20161111230422.360	54.338318	-117.238973	3.236	204.4	84.9	163.7	8445
20161027202555.870	54.355155	-117.235978	3.35	23.5	89.6	166.3	113
20161111114155.220	54.338212	-117.243294	3.211	182.2	86.8	179.3	8210
20161121084425.380	54.347131	-117.240112	3.292	208.5	83.1	171.5	10925
20161122101223.000	54.349247	-117.227865	3.327	190.5	37.8	166.6	13134
20161105145728.020	54.345667	-117.239355	3.384	22.6	86.8	179.3	4952
20161128032902.500	54.343144	-117.233675	3.273	199.5	80.8	179.5	19170
20161109225452.820	54.335767	-117.248804	3.271	4.9	88.5	173.9	7773
20161103125427.120	54.346688	-117.241789	3.318	207.1	87.5	-178.4	2918
20161125060321.330	54.347921	-117.245044	3.276	359.5	86.3	176.6	16565
20161124153728.320	54.352283	-117.226896	3.273	16.1	87.4	179.5	15836
20161103041913.910	54.347888	-117.240698	3.327	19.3	81.3	178.6	2046
20161125124019.520	54.34633	-117.245695	3.271	19.4	82.5	-177.1	17405
20161129041933.220	54.340853	-117.240275	3.016	184.2	89.5	171.7	20455
20161127053859.540	54.352751	-117.225212	3.343	187.2	56.1	173.8	18253
20161121221811.150	54.338826	-117.243245	3.232	183.7	87.2	178.4	11331
20161101032033.800	54.348376	-117.243612	3.257	214.7	89.2	174.4	740
20161103101038.040	54.347017	-117.241569	3.323	25.6	89.7	-179.7	2507
20161101091524.780	54.346977	-117.245744	3.218	18.0	69.1	169.4	832
20161107120116.280	54.346761	-117.238403	3.345	26.4	90.0	177.4	7370
20161128005248.690	54.343095	-117.2337	3.265	201.1	85.8	179.5	18976
20161110055923.710	54.337651	-117.2434	3.268	184.4	86.9	177.7	7881
20161105202250.870	54.344592	-117.240487	3.33	204.0	78.3	171.0	5796
20161110021334.190	54.341199	-117.239925	3.059	193.5	89.9	-176.9	7805
20161124151430.490	54.349683	-117.227547	3.329	193.1	35.4	175.6	15823
20161105203651.890	54.346171	-117.23894	3.401	23.9	87.7	180.0	5823
20161103134417.510	54.346757	-117.241838	3.322	27.4	88.2	177.6	3054
20161106130043.770	54.346676	-117.238436	3.331	207.9	87.1	-171.4	6916
20161119043353.730	54.338729	-117.24327	3.211	181.9	89.0	179.0	9110
20161129132141.780	54.343351	-117.233529	3.272	201.4	86.0	176.8	21026
20161103090934.850	54.34751	-117.241089	3.331	205.6	89.3	172.0	2345
20161128022724.280	54.341663	-117.248283	3.255	189.4	86.6	170.2	19070
20161105145703.590	54.345744	-117.239266	3.382	23.5	86.4	-174.6	4951
20161127035122.180	54.344515	-117.247949	3.226	178.8	81.4	-172.3	18215
20161115235133.740	54.333248	-117.242236	3.272	35.4	87.4	-168.7	8922
20161125103647.070	54.352401	-117.226864	3.269	199.3	90.0	-178.2	17147
20161127230208.770	54.343254	-117.233618	3.249	26.3	81.3	178.4	18877
20161110173834.930	54.335409	-117.24882	3.279	5.2	89.5	-171.9	8041
20161125114636.470	54.346354	-117.245614	3.271	202.7	89.8	-171.8	17315
20161103143958.470	54.347644	-117.24104	3.321	28.7	89.0	-175.2	3220
20161128042802.160	54.341585	-117.248324	3.187	16.6	89.7	167.5	19249
20161122142219.180	54.345337	-117.239583	3.385	26.8	87.9	-172.5	13855
20161128033449.880	54.343229	-117.233626	3.257	18.6	83.2	178.0	19181
20161126011621.490	54.338839	-117.243254	3.218	0.1	76.2	171.5	17778
20161105223131.680	54.346069	-117.239006	3.4	24.7	88.4	-171.2	6053
20161120232249.840	54.347217	-117.23999	3.317	24.6	87.1	179.5	9972
20161127020930.870	54.345748	-117.245337	3.284	0.6	82.5	-174.6	18179
20161122083050.660	54.34611	-117.238997	3.397	27.5	89.9	-175.4	12839
20161101022959.280	54.348503	-117.24349	3.269	215.1	88.0	173.0	728
20161106000024.520	54.346411	-117.238753	3.43	24.3	87.2	176.7	6177
20161120092030.410	54.347229	-117.241374	3.325	206.9	87.7	178.8	9632
20161130003253.180	54.33313	-117.248877	3.211	159.7	75.8	167.6	21522
20161106002734.800	54.346533	-117.238639	3.448	22.7	84.9	-178.0	6214
20161128103144.790	54.341471	-117.248307	3.212	183.4	88.7	-169.7	19645
20161103024456.340	54.348039	-117.240584	3.324	22.3	86.6	-177.0	1963
20161102215141.240	54.346647	-117.245874	3.252	204.3	88.4	170.7	1762
20161122031153.960	54.345378	-117.236589	3.262	199.8	84.7	-176.7	11672
20161105210014.630	54.346297	-117.238867	3.411	22.7	86.1	174.4	5885
20161122151710.760	54.345508	-117.239518	3.371	27.3	89.3	-170.0	13927
20161101142852.240	54.346667	-117.246004	3.228	16.0	60.4	163.7	1122
20161125115435.870	54.349487	-117.227043	3.306	204.7	39.0	-175.9	17336
20161128130150.340	54.34364	-117.233407	3.233	14.7	86.4	173.4	19799
20161101152222.480	54.346956	-117.245736	3.22	21.5	72.7	171.2	1182
20161105013720.210	54.345166	-117.241317	3.334	26.0	87.6	-175.9	4087
20161105190245.200	54.345125	-117.239836	3.359	28.3	88.4	-174.1	5586
20161128031715.680	54.343445	-117.233521	3.244	204.0	78.0	-170.5	19144
20161103092708.450	54.347595	-117.24104	3.327	22.7	86.7	178.3	2377
20161122110303.770	54.35186	-117.225431	3.33	195.1	51.0	-175.6	13270
20161124105232.980	54.349508	-117.227083	3.302	198.5	42.3	-177.0	15699
20161128011727.820	54.343083	-117.2337	3.266	198.3	78.8	-178.0	19012
20161101135605.550	54.346582	-117.245972	3.25	21.4	87.2	176.1	1066
20161105001122.280	54.345142	-117.241341	3.339	26.5	86.6	-176.4	4014
20161123185120.640	54.349711	-117.226025	3.31	192.8	55.8	-177.1	15191
20161120091628.950	54.347359	-117.24113	3.362	207.0	88.5	172.1	9630
20161105153231.020	54.34561	-117.239429	3.394	25.0	86.1	-174.8	5056
20161121102240.330	54.34683	-117.240267	3.334	205.1	89.3	177.7	11014
20161121063257.730	54.347095	-117.240129	3.29	22.5	89.9	179.0	10752
20161127022900.330	54.345732	-117.245288	3.278	12.0	85.7	176.5	18185
20161122094116.890	54.349227	-117.227629	3.321	193.1	42.4	179.2	13040
20161101024930.650	54.348466	-117.243514	3.263	215.4	88.7	175.3	733
20161120130048.000	54.347172	-117.241431	3.34	206.3	87.1	176.0	9749
20161125115433.970	54.346533	-117.245492	3.266	205.4	89.5	174.7	17335
20161110084701.270	54.337292	-117.243424	3.217	2.7	89.5	-176.9	7901
20161130053727.710	54.341394	-117.234766	3.245	30.9	81.9	-171.3	21711
20161103135409.950	54.347579	-117.241032	3.329	25.3	81.1	-179.0	3090
20161106004502.690	54.345463	-117.239526	3.364	26.5	86.6	-172.1	6243
20161124082120.450	54.349239	-117.227433	3.312	201.3	44.5	-174.6	15612
20161125092152.120	54.347884	-117.245052	3.258	192.4	83.8	177.1	16882
20161122043948.270	54.346391	-117.238745	3.42	26.6	87.6	175.3	11950
20161125093207.820	54.345813	-117.246069	3.271	203.7	88.2	174.1	16918
20161121230001.460	54.351892	-117.225562	3.332	191.3	50.6	176.7	11371
20161124080932.140	54.349906	-117.2257	3.308	196.7	83.9	177.4	15604
20161122072736.790	54.346672	-117.238428	3.331	206.3	71.3	173.0	12622
20161128004504.300	54.346122	-117.247786	3.279	1.9	89.6	178.9	18970
20161103071639.990	54.347896	-117.240771	3.316	26.6	81.5	176.9	2166
20161105185941.550	54.344377	-117.240771	3.363	202.4	87.6	175.5	5577
20161122131004.220	54.346012	-117.23903	3.401	23.7	89.6	-174.2	13689
20161125110216.870	54.346574	-117.246061	3.23	26.2	80.4	176.3	17217
20161130161109.190	54.341252	-117.234977	3.223	27.4	82.7	179.2	22218
20161103110440.430	54.347892	-117.240723	3.311	29.7	86.1	-175.5	2639
20161104214408.170	54.345105	-117.241292	3.339	22.7	86.7	-179.1	3847
20161105133509.760	54.344495	-117.240682	3.356	23.0	86.8	-176.5	4706
20161127220654.130	54.343042	-117.248258	3.274	176.5	77.9	177.2	18821
20161127042324.690	54.345671	-117.245321	3.268	10.1	86.3	175.9	18223
20161122113427.450	54.345898	-117.239152	3.41	26.7	89.5	-170.5	13363
20161106001516.660	54.346606	-117.238582	3.447	20.7	83.2	175.9	6191
20161129044626.970	54.340946	-117.248356	3.253	185.6	80.5	175.2	20483
20161103105750.700	54.347624	-117.241024	3.324	22.4	86.9	179.0	2623
20161103094540.160	54.347432	-117.241178	3.336	20.5	86.2	179.4	2429
20161121234116.560	54.351941	-117.22535	3.327	191.3	54.8	-178.6	11404
20161128044032.080	54.343058	-117.233748	3.242	15.1	85.8	177.9	19282
20161124091127.830	54.349418	-117.227596	3.328	191.3	38.8	173.9	15649
20161110030554.830	54.33776	-117.243392	3.268	3.0	89.3	178.8	7822
20161123092303.210	54.349719	-117.225968	3.324	193.3	56.4	-179.4	14874
20161103051559.670	54.347847	-117.240755	3.323	27.4	86.9	-178.1	2089
20161129031243.350	54.343567	-117.23339	3.252	16.8	78.7	176.7	20394
20161129005741.740	54.343205	-117.23361	3.267	21.1	86.0	-179.8	20303
20161111130821.540	54.338318	-117.248551	3.222	182.0	81.1	176.9	8256
20161105211414.380	54.345426	-117.239453	3.368	201.3	78.6	170.8	5913
20161124015900.680	54.349463	-117.227116	3.304	201.6	39.2	-177.4	15368
20161125045538.620	54.344377	-117.247998	3.274	0.8	76.9	177.5	16454
20161122111213.910	54.34989	-117.227344	3.324	193.9	34.6	161.3	13300
20161108045824.390	54.338131	-117.248527	3.243	179.0	84.8	175.4	7569
20161106035357.630	54.346842	-117.23833	3.349	22.6	86.1	178.7	6483
20161031193137.820	54.354142	-117.238338	3.36	205.3	89.8	-171.2	635
20161125020351.160	54.34633	-117.24624	3.275	25.4	88.6	175.9	16220
20161120085642.840	54.34705	-117.24012	3.323	25.5	89.9	-177.0	9607
20161125110239.420	54.346688	-117.245947	3.238	24.2	81.4	178.4	17219
20161106183832.350	54.346574	-117.238623	3.434	25.1	86.5	-173.7	7081
20161122082716.530	54.351933	-117.225431	3.323	194.0	52.4	-177.5	12833
20161101123052.410	54.346952	-117.245719	3.218	20.3	74.0	171.2	936
20161101022132.690	54.348454	-117.243522	3.271	215.8	86.6	173.3	726
20161121013542.770	54.347005	-117.240194	3.305	22.5	88.4	-178.7	10173
20161111150211.910	54.337846	-117.239591	3.247	209.2	89.2	177.8	8297
20161125105543.450	54.346309	-117.245671	3.263	24.5	87.9	170.8	17198
20161119150401.940	54.348173	-117.240495	3.328	206.4	89.3	-177.9	9290
20161123110020.740	54.349845	-117.227124	3.314	191.1	40.6	171.3	14942
20161102004630.240	54.347054	-117.245671	3.215	15.4	72.6	175.0	1454
20161122081611.060	54.346545	-117.23859	3.348	207.4	86.7	179.8	12788
20161103085232.600	54.347363	-117.241211	3.335	21.4	88.5	170.1	2313
20161105143038.410	54.345549	-117.239412	3.381	25.6	89.4	178.1	4842
20161121022715.170	54.346977	-117.240186	3.323	201.3	89.1	179.6	10283
20161104165701.260	54.347461	-117.239787	3.321	25.0	89.8	180.0	3605
20161122073000.290	54.34742	-117.230664	3.267	187.8	87.1	175.7	12631
20161123142901.830	54.349817	-117.226904	3.303	185.7	22.4	150.8	15079
20161128043535.850	54.341553	-117.248315	3.211	4.3	88.8	166.8	19267
20161129150444.070	54.340027	-117.248478	3.137	26.3	83.9	177.4	21141
20161031023757.660	54.354134	-117.23842	3.364	205.8	85.9	-170.9	593
20161101143713.160	54.346769	-117.245858	3.23	18.5	61.7	170.3	1133
20161111174323.390	54.337744	-117.239722	3.258	31.4	83.9	-169.2	8361
20161105235222.150	54.345199	-117.23973	3.369	27.9	84.8	-174.0	6162
20161129123428.430	54.34021	-117.248372	3.138	24.7	85.5	177.2	20972
20161121020432.610	54.347957	-117.239437	3.327	207.3	88.2	-176.0	10242
20161110034820.890	54.338265	-117.243351	3.236	181.1	88.6	176.5	7844
20161102001305.750	54.346867	-117.245809	3.219	24.6	74.6	178.2	1435
20161125112440.320	54.347929	-117.245044	3.251	186.2	89.8	-179.6	17272
20161129114748.360	54.332166	-117.249154	3.214	28.3	76.6	178.5	20906
20161130072337.410	54.336344	-117.248625	3.184	210.9	75.1	168.6	21806
20161122061445.530	54.346704	-117.238477	3.456	26.2	87.4	-178.0	12340
20161105221307.250	54.344604	-117.240592	3.352	26.9	86.6	-172.0	6021
20161124095241.420	54.350317	-117.227116	3.327	193.2	39.0	174.7	15672
20161125094145.760	54.346452	-117.252262	3.284	28.1	89.6	-174.0	16945
20161106044609.820	54.34683	-117.238346	3.349	23.6	83.3	177.5	6579
20161107102719.900	54.338228	-117.248543	3.269	183.8	88.1	-179.0	7333
20161125114121.790	54.346269	-117.245719	3.28	201.4	89.4	179.0	17303
20161105191820.530	54.346171	-117.23894	3.411	22.2	86.3	-177.9	5625
20161110190854.720	54.336678	-117.243587	3.274	183.9	88.5	-175.9	8063
20161103113133.580	54.347888	-117.240828	3.308	26.6	89.5	180.0	2703
20161127074818.930	54.352881	-117.225203	3.335	188.5	51.0	173.0	18404
20161102185758.650	54.346619	-117.245988	3.265	26.1	89.4	177.0	1729
20161105165645.950	54.346029	-117.239071	3.391	25.6	86.1	-171.8	5285
20161110130814.960	54.338118	-117.248535	3.229	183.0	81.7	-174.5	7953
20161126001634.700	54.349797	-117.225732	3.295	200.5	83.6	-176.7	17761
20161101165319.640	54.34681	-117.245866	3.223	19.5	81.8	171.3	1242
20161105201757.390	54.346354	-117.238835	3.408	24.0	85.6	179.7	5780
20161122013349.660	54.351733	-117.225521	3.323	194.4	58.1	-169.0	11554
20161121081852.380	54.347148	-117.240112	3.292	26.8	90.0	-168.6	10896
20161124153705.220	54.349829	-117.227165	3.314	196.5	36.0	178.0	15835
20161122060820.450	54.346427	-117.238721	3.415	25.4	85.2	179.8	12322
20161106093417.750	54.346236	-117.238875	3.401	207.0	84.8	171.9	6824
20161124210107.330	54.349076	-117.226286	3.3	189.4	53.9	-176.9	15929
20161122092550.060	54.349227	-117.227661	3.319	197.6	47.6	-174.9	12996
20161124114114.310	54.350102	-117.227157	3.318	197.4	38.0	171.0	15725
20161101224523.510	54.346875	-117.245841	3.217	18.8	78.2	178.5	1404
20161130155802.170	54.341353	-117.234904	3.232	25.4	81.9	-177.6	22215
20161122091356.950	54.350122	-117.227165	3.321	188.5	37.1	168.0	12968
20161129153111.780	54.33632	-117.248625	3.182	157.9	87.5	-163.8	21170
20161122080726.320	54.351188	-117.225838	3.316	207.5	58.6	-168.7	12752
20161105104726.500	54.344714	-117.240535	3.36	24.7	88.6	-178.1	4524
20161122051335.950	54.346745	-117.238468	3.445	25.0	88.5	-174.7	12117
20161119173047.230	54.347929	-117.240641	3.325	26.4	85.1	173.8	9399
20161029214832.950	54.353898	-117.238599	3.353	203.7	87.9	-173.6	439
20161103025742.990	54.347961	-117.240666	3.324	202.3	88.8	-179.2	1978
20161105184541.890	54.345821	-117.239233	3.396	27.2	86.8	-172.1	5543
20161105191446.040	54.345101	-117.23986	3.367	28.8	86.9	-178.3	5615
20161108054435.060	54.337895	-117.24856	3.26	184.8	89.0	176.6	7582
20161121034951.570	54.347213	-117.240072	3.306	198.4	89.2	-171.2	10441
20161129052624.850	54.341581	-117.248307	3.241	181.5	80.1	174.8	20519
20161129024743.150	54.340743	-117.248372	3.254	183.7	83.5	177.6	20375
20161124031238.840	54.350122	-117.22557	3.314	199.4	84.9	-176.4	15413
20161115065625.540	54.332943	-117.242586	3.264	32.9	89.3	-164.8	8860
20161122162658.130	54.349744	-117.22736	3.32	191.8	40.7	177.5	13996
20161113045711.160	54.336715	-117.248674	3.273	177.6	85.3	178.9	8697
20161103014203.730	54.346619	-117.245972	3.255	203.1	87.6	175.5	1883
20161110230433.100	54.337272	-117.243579	3.223	177.1	80.7	172.9	8099
20161105002320.500	54.345251	-117.241235	3.322	205.4	86.0	177.6	4031
20161122051258.060	54.347229	-117.237769	3.442	25.4	87.2	179.4	12116
20161105162310.530	54.345337	-117.239616	3.363	206.0	81.2	-177.2	5201
20161101114455.960	54.346944	-117.245776	3.21	14.9	57.7	169.5	893
20161107120053.140	54.346785	-117.238493	3.449	28.6	87.5	-177.2	7368
20161105160521.430	54.345109	-117.239852	3.38	205.0	89.9	175.9	5163
20161102124233.890	54.346655	-117.246004	3.239	23.4	72.0	173.2	1649
20161106033114.590	54.345101	-117.239803	3.369	29.1	86.5	-178.7	6452
20161129121120.450	54.340145	-117.248429	3.133	12.6	74.2	172.8	20931
20161128002008.750	54.343079	-117.233708	3.266	196.9	87.0	-169.6	18945
20161121011455.200	54.347062	-117.240145	3.31	203.8	88.8	176.0	10137
20161128105333.400	54.341227	-117.248307	3.178	183.2	87.4	-172.0	19652
20161128065337.900	54.343429	-117.248145	3.269	178.2	86.3	175.8	19463
20161129040117.170	54.343075	-117.233708	3.242	196.8	83.6	-179.3	20432
20161129115533.140	54.341659	-117.248364	3.238	183.2	78.1	179.8	20914
20161102220142.750	54.34644	-117.246151	3.283	207.0	88.8	-176.4	1766
20161122115901.770	54.345915	-117.239152	3.394	24.4	86.7	-172.8	13463
20161130123540.840	54.341223	-117.234896	3.253	20.2	74.5	178.6	22064
20161121112804.690	54.346765	-117.240348	3.315	22.7	87.4	-179.7	11063
20161106003150.220	54.346549	-117.23859	3.354	23.1	84.7	-178.1	6218
20161125121713.960	54.346338	-117.245638	3.276	20.2	87.6	-180.0	17364
20161121064815.070	54.347046	-117.240169	3.308	207.5	82.0	172.2	10774
20161128233300.020	54.343604	-117.233309	3.244	18.0	75.7	172.9	20236
20161126085656.010	54.346663	-117.252157	3.28	28.8	83.1	171.8	17937
20161111075621.080	54.338131	-117.239315	3.247	32.4	88.0	-162.9	8148
20161121114929.700	54.347144	-117.240055	3.291	204.1	88.1	175.0	11073
20161127062157.430	54.345768	-117.247746	3.279	320.0	80.7	177.5	18312
20161124182947.770	54.35269	-117.225293	3.344	186.5	50.4	171.7	15889
20161122223126.380	54.349996	-117.226001	3.322	185.1	59.0	-177.4	14280
20161105085108.710	54.344678	-117.240503	3.367	25.4	89.9	-173.3	4408
20161121063723.510	54.346997	-117.240202	3.291	204.6	76.3	177.1	10759
20161122040429.930	54.346822	-117.238298	3.353	210.5	89.1	178.7	11803
20161126040559.180	54.3507	-117.225399	3.303	218.0	44.5	177.3	17832
20161123040204.780	54.346029	-117.239054	3.396	23.4	88.2	-174.3	14574
20161123080243.390	54.352482	-117.22535	3.336	185.1	47.6	170.8	14786
20161105140314.990	54.344674	-117.240609	3.371	25.0	88.2	-175.7	4751
20161109081315.560	54.344877	-117.236979	3.264	21.1	88.2	-175.6	7695
20161123054748.150	54.349992	-117.227197	3.326	184.9	31.5	161.7	14677
20161122025658.730	54.351876	-117.225456	3.324	195.4	53.1	-175.5	11657
20161111230802.280	54.337956	-117.239518	3.246	31.8	89.3	-173.6	8449
20161105102949.280	54.345068	-117.240234	3.366	206.8	89.7	-179.2	4502
20161128045908.940	54.341536	-117.248299	3.209	185.2	88.8	-165.5	19335
20161122115814.930	54.349951	-117.227384	3.328	187.1	35.6	164.2	13459
20161121035154.250	54.346997	-117.240234	3.294	201.8	88.5	-175.3	10447
20161124011953.790	54.350012	-117.22561	3.31	197.1	86.1	176.5	15348
20161122104837.460	54.346533	-117.238607	3.353	27.2	84.6	-167.7	13225
20161128223548.530	54.341073	-117.24834	3.257	182.5	89.6	178.8	20190
20161106085619.110	54.346505	-117.238688	3.42	29.0	89.4	173.0	6805
20161103084220.700	54.347135	-117.241414	3.327	22.1	87.2	-177.9	2291
20161106195923.640	54.346708	-117.238411	3.432	24.1	86.0	-175.2	7115
20161103151436.800	54.347904	-117.240715	3.307	207.1	89.5	175.9	3274
20161122145220.890	54.345532	-117.239461	3.385	25.3	87.7	-171.3	13892
20161127150555.080	54.35245	-117.226847	3.275	196.5	85.0	-171.3	18676
20161105183637.260	54.346057	-117.239046	3.408	24.7	88.0	-177.5	5519
20161122200558.700	54.352242	-117.225415	3.327	183.8	61.9	-177.5	14183
20161125223124.720	54.352543	-117.225057	3.316	193.4	68.2	-174.3	17717
20161125044303.600	54.346358	-117.246208	3.274	27.2	88.8	-174.6	16416
20161110143858.940	54.338566	-117.243254	3.246	180.7	79.8	169.5	7977
20161105142137.720	54.345382	-117.239526	3.346	25.9	87.2	-178.6	4802
20161106002311.580	54.346517	-117.238664	3.443	22.8	84.9	-179.4	6207
20161122081516.090	54.34941	-117.227271	3.315	197.2	77.6	-175.0	12781
20161106025137.720	54.346708	-117.238468	3.351	22.6	86.1	178.7	6397
20161105145056.870	54.344971	-117.240177	3.333	186.7	84.4	159.8	4922
20161029163846.950	54.353931	-117.237191	3.353	202.3	89.6	-167.9	394
20161121101632.870	54.346981	-117.240243	3.296	205.3	85.0	-177.9	11005
20161120095018.180	54.347729	-117.240934	3.33	203.0	84.3	179.5	9655
20161130133134.460	54.341211	-117.234855	3.26	24.2	85.3	-178.7	22108
20161107150809.280	54.337948	-117.248584	3.273	184.6	78.8	179.5	7422
20161105194010.940	54.346057	-117.239136	3.397	25.5	87.4	-174.9	5687
20161123152311.860	54.350354	-117.227026	3.316	200.5	32.8	178.3	15106
20161122064115.320	54.346586	-117.238599	3.44	27.1	86.4	-166.4	12443
20161103121750.210	54.347904	-117.24078	3.299	207.7	86.1	174.4	2819
20161130081928.860	54.341447	-117.234652	3.293	24.4	76.2	178.8	21840
20161130014700.740	54.341402	-117.234733	3.268	23.2	89.3	-177.7	21560
20161120105212.270	54.347131	-117.24152	3.326	25.4	88.6	177.8	9702
20161104211752.820	54.345007	-117.241398	3.34	25.7	87.3	-177.7	3809
20161106055907.220	54.34635	-117.238802	3.433	22.7	87.6	178.7	6660
20161127070559.240	54.352828	-117.225203	3.335	188.9	51.9	-178.0	18374
20161111023345.590	54.33741	-117.243416	3.248	184.3	89.2	-178.1	8124
20161128044411.940	54.341785	-117.239429	3.064	210.6	89.7	169.1	19298
20161122081255.770	54.350102	-117.227181	3.324	191.8	38.8	168.5	12773
20161127030548.240	54.346501	-117.245272	3.231	182.8	89.2	-171.7	18201
20161128162618.830	54.343604	-117.233423	3.235	16.1	84.4	179.0	20002
20161124173448.610	54.350684	-117.22561	3.314	203.7	68.6	-173.0	15876
20161122115553.210	54.349727	-117.227417	3.328	188.4	36.4	166.2	13449
20161111131545.830	54.337793	-117.239673	3.261	206.6	89.5	173.9	8262
20161122100004.480	54.349422	-117.227572	3.323	191.4	42.0	175.0	13099
20161028182646.420	54.353918	-117.237191	3.352	14.8	74.8	162.4	242
20161106040134.600	54.345752	-117.239266	3.384	25.3	87.7	-177.5	6506
20161105160105.920	54.345243	-117.239681	3.382	24.8	86.0	-174.2	5153
20161103022729.380	54.347994	-117.240658	3.331	25.0	88.7	-176.8	1946
20161130104914.970	54.341724	-117.23444	3.269	204.3	86.3	179.2	21949
20161102101028.460	54.346651	-117.245915	3.235	22.4	79.2	173.5	1610
20161105174259.140	54.346069	-117.239014	3.385	24.9	86.7	-178.8	5379
20161125082219.780	54.347904	-117.245085	3.268	5.4	86.8	178.1	16812
20161123064118.840	54.352478	-117.22535	3.334	185.8	49.3	171.7	14716
20161122100206.330	54.349447	-117.227482	3.315	191.1	42.4	174.9	13103
20161125003932.940	54.34705	-117.245662	3.219	16.6	70.2	176.0	16077
20161122033649.770	54.346562	-117.238623	3.451	203.5	88.4	-177.2	11700
20161122013001.320	54.345382	-117.241154	3.335	205.7	82.0	173.2	11549
20161105224145.450	54.346391	-117.238753	3.417	22.5	86.8	178.5	6068
20161105020408.250	54.349048	-117.239461	3.336	16.9	88.3	178.4	4112
20161127224838.630	54.345504	-117.247835	3.263	128.9	87.8	175.9	18859
20161128000144.180	54.343184	-117.233651	3.246	200.3	87.2	-175.0	18926
20161125025344.760	54.344706	-117.247957	3.256	4.8	88.6	178.4	16270
20161130050432.820	54.341243	-117.23492	3.242	21.9	82.3	-169.7	21684
20161101033751.760	54.348376	-117.24362	3.263	214.9	86.1	176.5	744
20161029224942.980	54.353906	-117.238656	3.363	24.9	85.2	170.7	451
20161111191005.200	54.338749	-117.243188	3.226	176.7	83.4	173.1	8391
20161122044214.240	54.3521	-117.226986	3.27	186.9	85.3	179.4	11958
20161029101117.250	54.353743	-117.238713	3.359	23.1	82.9	175.2	344
20161129163437.920	54.338916	-117.243245	3.23	3.8	82.0	172.0	21233
20161105185122.530	54.344682	-117.240413	3.332	197.3	82.0	-177.6	5557
20161101053406.630	54.348206	-117.243856	3.262	215.8	88.1	177.6	765
20161129155602.750	54.341654	-117.234481	3.258	23.8	83.9	-178.1	21199
20161122123435.970	54.350012	-117.227409	3.332	190.4	35.4	171.4	13583
20161125112454.830	54.346322	-117.245646	3.276	204.0	89.0	-174.2	17273
20161110172804.380	54.336914	-117.243465	3.258	188.2	87.8	173.8	8038
20161105005844.990	54.34515	-117.241333	3.346	25.1	89.1	-178.3	4060
20161106035422.090	54.346521	-117.238615	3.361	206.3	87.9	-178.6	6484
20161122041052.430	54.346834	-117.238387	3.428	208.2	88.3	179.0	11827
20161106154518.270	54.346777	-117.238485	3.448	26.3	87.0	-174.8	6991
20161101094522.230	54.346944	-117.245744	3.222	17.2	67.2	170.3	851
20161130041017.460	54.34128	-117.234888	3.244	20.1	72.5	176.5	21639
20161031025510.970	54.353906	-117.238615	3.355	208.0	87.6	-173.9	602
20161125045600.930	54.346346	-117.246216	3.27	28.3	90.0	179.3	16457
20161105145831.700	54.345736	-117.239315	3.377	25.1	87.3	179.6	4958
20161106190802.810	54.346879	-117.238241	3.341	209.5	88.0	177.5	7095
20161122170352.370	54.352226	-117.225366	3.328	188.2	59.1	174.4	14039
20161122062419.860	54.345528	-117.234155	3.255	184.9	86.0	173.2	12370
20161124113954.860	54.350146	-117.227002	3.329	195.1	42.8	-179.9	15724
20161123101648.570	54.349296	-117.227287	3.303	197.1	45.9	-176.0	14917
20161128014634.200	54.343213	-117.233651	3.243	21.0	75.4	173.4	19041
20161105143603.690	54.345679	-117.239307	3.39	28.5	85.9	-175.5	4858
20161121050855.600	54.347172	-117.240096	3.287	20.9	82.0	-179.5	10603
20161128055621.090	54.341622	-117.248283	3.249	185.1	85.4	-179.6	19405
20161105171857.670	54.345776	-117.239225	3.388	25.3	87.6	-176.1	5323
20161110222605.930	54.337781	-117.248519	3.245	1.5	89.6	-171.9	8092
20161103045029.740	54.347929	-117.240698	3.314	24.6	85.6	-179.2	2069
20161125044448.810	54.346289	-117.246281	3.275	207.6	88.7	178.1	16422
20161129042201.100	54.343156	-117.233667	3.266	15.6	88.2	-177.0	20458
20161122114809.290	54.349955	-117.227401	3.329	189.4	38.8	168.8	13413
20161123043242.770	54.350187	-117.225773	3.323	190.2	60.3	-179.9	14607
20161105173713.900	54.345243	-117.239697	3.368	26.4	88.5	-173.8	5362
20161122124507.380	54.350094	-117.227222	3.324	189.7	38.4	167.9	13619
20161124235931.700	54.35247	-117.226839	3.277	15.9	87.2	179.6	16010
20161128045702.380	54.341577	-117.248283	3.189	190.2	84.8	177.4	19330
20161111113517.010	54.338566	-117.243286	3.209	3.0	87.5	179.0	8206
20161030084031.450	54.353979	-117.23855	3.362	27.0	88.7	170.3	508
20161127094142.050	54.343091	-117.24812	3.266	178.9	84.1	172.7	18496
20161120084019.780	54.34707	-117.241471	3.326	24.9	89.3	178.4	9596
20161105150411.740	54.345817	-117.239217	3.391	204.7	85.7	-173.9	4980
20161129220325.260	54.341374	-117.234766	3.269	26.0	82.5	-171.0	21463
20161120225910.840	54.346969	-117.240169	3.315	23.6	89.0	179.4	9930
20161103041534.490	54.347937	-117.240715	3.315	202.1	87.7	-179.5	2042
20161105211417.990	54.345439	-117.2396	3.368	25.7	87.4	-172.7	5914
20161127230026.950	54.343217	-117.23361	3.256	22.6	85.2	-178.8	18875
20161123133305.150	54.344238	-117.240918	3.353	27.3	88.9	-175.9	15057
20161121080537.660	54.346924	-117.240234	3.315	203.6	84.0	-167.1	10883
20161122105746.140	54.34965	-117.227279	3.315	201.9	32.3	169.8	13260
20161122041404.410	54.346521	-117.238647	3.425	206.9	88.6	-171.8	11840
20161112154024.600	54.333789	-117.248958	3.28	183.0	81.0	176.3	8628
20161123105646.460	54.350317	-117.225749	3.327	194.2	62.7	-179.3	14940
20161127020518.050	54.345654	-117.245345	3.267	10.5	86.5	175.9	18176
20161102014248.670	54.346606	-117.246012	3.273	24.6	88.3	-170.2	1470
20161103111155.610	54.347888	-117.240723	3.303	25.3	82.6	175.9	2653
20161120101816.790	54.347567	-117.241121	3.337	26.9	88.4	179.7	9680
20161130121422.300	54.341439	-117.234668	3.273	201.0	89.3	178.6	22054
20161121061903.890	54.347152	-117.240112	3.291	23.7	87.5	-177.6	10725
20161106055515.710	54.346216	-117.238908	3.408	23.5	87.3	-177.1	6656
20161124155757.740	54.354704	-117.237996	3.352	204.7	86.1	-172.6	15840
20161027172050.630	54.355054	-117.2361	3.349	196.4	84.3	-170.6	77
20161130064135.820	54.342643	-117.248185	3.226	0.6	78.1	177.8	21770
20161127105310.160	54.343294	-117.248055	3.271	179.9	87.6	176.8	18562
20161121015649.530	54.34775	-117.239559	3.33	26.0	88.9	176.9	10226
20161030144842.600	54.353772	-117.238696	3.361	24.5	87.5	169.0	535
20161130045849.380	54.341418	-117.234782	3.231	25.1	85.9	-172.1	21683
20161103092313.370	54.347485	-117.241203	3.332	21.8	87.6	178.7	2373
20161129122744.900	54.343355	-117.233512	3.254	21.3	77.8	-177.5	20959
20161130145003.930	54.341235	-117.23488	3.267	24.0	85.2	-172.1	22167
20161122060250.050	54.346737	-117.238403	3.362	27.0	89.0	-174.3	12300
20161125101000.210	54.345858	-117.246086	3.271	28.3	88.0	176.1	17067
20161106042452.840	54.344678	-117.240381	3.334	198.1	73.8	176.9	6545
20161122063036.760	54.346834	-117.23833	3.355	27.8	89.0	-174.2	12400
20161103002549.090	54.346322	-117.246273	3.264	208.7	87.0	178.2	1791
20161122050253.380	54.349255	-117.234855	3.308	137.4	86.2	176.4	12063
20161130072241.310	54.341797	-117.248063	3.19	213.3	85.5	-179.4	21803
20161122042802.790	54.346545	-117.238599	3.355	26.9	87.9	-178.8	11895
20161128014439.540	54.343433	-117.233496	3.246	22.3	79.0	172.8	19037
20161125081954.060	54.346814	-117.245858	3.216	20.4	80.8	176.3	16806
20161105172000.880	54.344328	-117.240837	3.345	206.6	89.3	175.0	5325
20161105145217.380	54.346033	-117.239022	3.403	200.9	89.7	177.0	4927
20161107043749.450	54.34648	-117.23868	3.438	25.0	87.8	178.8	7254
20161122013807.390	54.351123	-117.225895	3.316	209.7	57.6	-169.1	11561
20161130050842.630	54.341443	-117.234725	3.249	27.9	88.8	-174.2	21685
20161128152950.020	54.341471	-117.24834	3.195	0.0	85.9	174.9	19967
20161105112047.770	54.34469	-117.240511	3.365	25.3	87.8	-178.4	4553
20161105183327.330	54.346187	-117.238965	3.386	24.7	85.8	177.5	5511
20161103090119.380	54.347331	-117.241276	3.337	25.7	90.0	-169.3	2328
20161125095520.560	54.345874	-117.246069	3.272	206.3	89.7	177.9	17009
20161101172129.260	54.346639	-117.245923	3.231	19.5	81.2	171.9	1256
20161130161816.480	54.34115	-117.235002	3.264	201.6	88.8	-178.7	22222
20161101183016.770	54.346903	-117.245719	3.212	18.5	79.5	171.6	1295
20161123013922.270	54.345821	-117.239217	3.395	24.4	87.1	-170.7	14454
20161105213639.990	54.34633	-117.238859	3.41	23.2	86.6	176.2	5962
20161129153828.320	54.338363	-117.248421	3.18	190.6	89.2	-176.0	21178
20161121031759.160	54.347066	-117.240177	3.293	24.7	89.4	-173.4	10378
20161103095041.600	54.347355	-117.241268	3.334	206.6	84.8	179.3	2446
20161125085918.190	54.350566	-117.225724	3.315	204.2	81.2	-167.7	16850
20161127231918.430	54.343213	-117.233569	3.254	19.2	72.3	174.8	18886
20161120174830.730	54.338611	-117.24327	3.212	180.9	87.3	-179.1	9795
20161103141655.650	54.347852	-117.240796	3.308	26.3	85.4	175.8	3165
20161130054713.160	54.340633	-117.247974	3.132	207.8	79.4	167.2	21722
20161101150015.260	54.346635	-117.245939	3.228	20.3	88.2	-179.7	1157
20161120232226.460	54.347013	-117.239998	3.329	24.5	89.3	175.9	9971
20161103013350.840	54.346627	-117.245996	3.224	26.6	85.1	176.8	1869
20161101132451.570	54.346578	-117.246021	3.268	22.6	79.8	172.0	1023
20161121062323.150	54.346781	-117.240356	3.318	22.1	88.0	-177.2	10733
20161106013907.840	54.346212	-117.238908	3.414	23.7	86.1	-175.7	6303
20161130105236.870	54.341626	-117.234578	3.265	203.5	87.2	-178.9	21952
20161125085613.220	54.346676	-117.245947	3.233	25.4	80.8	-169.3	16845
20161106030325.120	54.346187	-117.23894	3.396	20.8	86.7	-174.6	6409
20161130121413.290	54.341512	-117.234652	3.259	208.5	89.6	-179.7	22053
20161124173142.790	54.352482	-117.225228	3.328	187.1	55.7	174.7	15873
20161121075538.150	54.346785	-117.240324	3.328	24.4	87.0	174.4	10875
20161129182745.580	54.341589	-117.234635	3.251	26.6	85.1	175.0	21326
20161125010829.340	54.346969	-117.245719	3.227	25.7	80.1	-179.7	16140
20161128065725.220	54.34342	-117.233512	3.245	200.6	88.3	176.9	19466
20161101121450.250	54.347135	-117.245573	3.22	22.4	84.0	168.7	914
20161125110025.420	54.346366	-117.245622	3.278	25.3	87.7	169.8	17213
20161106074637.200	54.34679	-117.238363	3.333	26.1	84.5	-174.0	6755
20161106225938.520	54.347017	-117.2382	3.415	211.1	86.5	178.7	7191
20161108030530.700	54.337691	-117.248584	3.268	7.8	88.0	173.7	7545
20161124080820.420	54.349878	-117.225692	3.311	198.2	81.9	178.6	15602
20161103031425.400	54.34801	-117.240601	3.325	23.9	87.6	179.9	1991
20161124041452.290	54.352401	-117.225122	3.316	196.1	68.9	-163.1	15456
20161103120413.790	54.347831	-117.240771	3.312	206.3	89.6	-174.1	2787
20161111084218.650	54.337284	-117.243416	3.216	185.5	88.4	-178.3	8167
20161105231400.210	54.345797	-117.239282	3.398	26.6	86.7	-172.2	6114
20161112132955.920	54.335173	-117.240991	3.58	113.3	4.9	-24.3	8596
20161101142207.760	54.346619	-117.245988	3.272	22.9	87.0	-179.6	1111
20161123031300.700	54.350033	-117.225895	3.322	188.9	56.6	-175.3	14548
20161107032108.700	54.346765	-117.238411	3.364	208.2	77.5	-176.2	7240
20161123142910.200	54.349719	-117.226929	3.314	190.8	39.1	171.5	15080
20161122065209.130	54.3462	-117.23894	3.39	20.9	88.1	180.0	12494
20161122084904.080	54.34668	-117.238428	3.332	208.2	80.5	-176.9	12885
20161103111507.150	54.347445	-117.241195	3.331	23.2	89.0	172.2	2661
20161130041548.160	54.338924	-117.24327	3.233	189.3	86.7	175.3	21644
20161129164710.540	54.338875	-117.243254	3.231	184.2	83.4	-179.9	21240
20161103121918.080	54.347648	-117.241032	3.34	25.8	88.3	178.8	2824
20161122213052.750	54.352226	-117.225439	3.34	186.9	51.8	169.9	14234
20161105193337.550	54.344678	-117.240413	3.33	200.2	77.5	-176.0	5670
20161111081449.750	54.33715	-117.243433	3.222	176.2	88.9	177.2	8158
20161110234432.540	54.335706	-117.24882	3.281	3.0	87.8	171.2	8106
20161122101010.350	54.346037	-117.239038	3.4	26.4	82.1	-171.7	13126
20161122143559.840	54.345996	-117.239063	3.403	25.7	87.7	-170.2	13874
20161130033631.890	54.340926	-117.235164	3.237	201.6	85.6	176.1	21621
20161121115941.020	54.34683	-117.240283	3.324	22.7	87.4	-179.7	11077
20161123075836.620	54.344352	-117.240796	3.344	26.6	87.3	-176.0	14780
20161121082124.630	54.347009	-117.240153	3.331	210.9	79.6	169.6	10898
20161122233506.870	54.350069	-117.225903	3.319	191.4	52.5	175.3	14330
20161123094700.170	54.345178	-117.240047	3.34	204.1	85.5	175.4	14896
20161103064637.610	54.347884	-117.240755	3.308	206.4	88.7	-172.4	2147
20161122125805.550	54.345557	-117.239478	3.373	26.6	88.1	-174.2	13655
20161122121313.800	54.34991	-117.227466	3.33	188.5	36.1	167.0	13500
20161122105032.100	54.345447	-117.236556	3.263	197.4	76.0	-179.6	13238
20161101021207.310	54.34845	-117.243538	3.264	212.2	87.1	-176.2	725
20161130072013.730	54.34139	-117.234774	3.25	29.9	85.5	-176.8	21801
20161121105135.300	54.346741	-117.24034	3.313	24.0	89.8	-174.3	11038
20161103095417.050	54.347522	-117.24113	3.332	23.4	88.4	-176.6	2459
20161128004222.350	54.343237	-117.248096	3.233	0.2	87.3	-179.2	18964
20161103105506.250	54.346859	-117.24174	3.32	206.1	87.3	-177.3	2614
20161127102504.890	54.345463	-117.247909	3.241	184.7	86.6	-176.2	18526
20161128150212.180	54.341044	-117.248348	3.252	182.8	88.7	-179.8	19949
20161105204120.630	54.345426	-117.239567	3.38	204.7	89.6	171.9	5837
20161124114121.010	54.352332	-117.225269	3.319	192.6	64.1	-167.4	15726
20161128000836.430	54.343473	-117.233472	3.243	204.9	88.0	-170.7	18937
20161105184939.770	54.346309	-117.238843	3.419	26.4	86.3	-172.3	5552
20161110193843.650	54.337256	-117.243368	3.274	184.6	79.9	171.6	8067
20161106024433.270	54.346724	-117.238403	3.356	23.6	85.1	175.9	6379
20161125003345.190	54.347074	-117.245581	3.238	19.5	60.1	175.4	16063
20161103024029.680	54.347998	-117.240592	3.33	25.4	89.2	-175.9	1961
20161103085629.950	54.347498	-117.241154	3.325	26.9	89.5	173.3	2319
20161127125219.110	54.352852	-117.225138	3.336	189.5	59.9	-169.2	18620
20161122042214.050	54.346606	-117.238582	3.459	24.1	89.0	-179.9	11871
20161125015952.530	54.346863	-117.245817	3.234	25.5	88.0	175.6	16216
20161122122845.350	54.349931	-117.227336	3.332	189.1	38.0	167.0	13565
20161121083931.640	54.353898	-117.23409	3.311	205.0	85.4	-174.8	10917
20161106091933.870	54.346733	-117.238395	3.335	20.0	83.8	176.3	6816
20161103120557.350	54.346814	-117.241699	3.336	205.2	89.8	176.7	2790
20161110090639.450	54.33726	-117.243416	3.23	187.2	86.2	179.6	7915
20161106044007.640	54.345459	-117.239526	3.365	24.5	87.8	-171.7	6573
20161101102202.200	54.346932	-117.245744	3.225	21.5	83.5	177.4	865
20161122062945.310	54.346639	-117.238485	3.33	207.1	79.1	175.6	12394
20161125043213.980	54.346802	-117.245882	3.215	23.2	78.8	175.8	16397
20161126165253.450	54.346611	-117.245215	3.284	5.5	87.8	175.8	18067
20161122145230.280	54.345565	-117.239461	3.384	24.6	87.9	-170.9	13893
20161108170401.620	54.337944	-117.248551	3.247	2.6	85.5	175.8	7628
20161121013817.670	54.346985	-117.240177	3.325	21.3	88.6	175.5	10177
20161122071922.230	54.345105	-117.241366	3.341	24.9	88.6	-162.7	12590
20161125094449.030	54.346114	-117.245858	3.261	206.9	88.4	168.7	16962
20161122213402.670	54.352238	-117.225399	3.331	187.6	61.0	-176.3	14237
20161120085942.630	54.347603	-117.241089	3.319	203.9	88.9	-178.6	9610
20161122122834.470	54.346	-117.239079	3.399	24.5	84.8	-176.0	13563
20161122024640.600	54.34515	-117.241333	3.34	204.3	85.7	174.2	11647
20161105143512.610	54.345841	-117.239233	3.4	25.7	84.6	-169.7	4857
20161122022541.090	54.351733	-117.225529	3.322	193.9	53.7	-171.1	11627
20161101200647.070	54.347054	-117.245736	3.221	17.2	69.6	174.6	1330
20161105012554.150	54.345483	-117.241032	3.324	26.4	89.0	-173.1	4077
20161128110503.670	54.345984	-117.245256	3.24	356.0	68.8	175.0	19671
20161107190210.410	54.33807	-117.248568	3.276	7.1	89.7	174.7	7464
20161129062934.120	54.341614	-117.248315	3.242	186.7	84.5	175.2	20585
20161106144929.900	54.346558	-117.23859	3.368	24.0	88.2	-178.2	6967
20161106061433.150	54.346639	-117.238509	3.356	25.8	88.1	-178.7	6675
20161125094156.550	54.345813	-117.246118	3.274	207.4	87.3	176.5	16946
20161126185410.060	54.352226	-117.225317	3.313	199.9	48.8	-176.5	18078
20161122092916.770	54.349967	-117.227214	3.321	159.5	11.4	123.3	13000
20161106133140.820	54.346594	-117.238615	3.353	24.0	86.3	-176.9	6928
20161122054510.220	54.346785	-117.238395	3.37	206.4	83.7	176.7	12242
20161101234246.050	54.346635	-117.246012	3.251	26.4	87.7	-174.1	1426
20161126035103.520	54.344132	-117.24799	3.224	1.4	88.2	-174.9	17829
20161121041515.670	54.346969	-117.240161	3.324	24.9	90.0	-174.8	10490
20161130103958.240	54.341479	-117.234725	3.243	30.4	77.4	172.4	21937
20161120231453.840	54.347229	-117.239909	3.317	23.7	86.4	-179.7	9962
20161122001132.230	54.345158	-117.241325	3.34	26.0	88.2	-171.7	11456
20161122130350.970	54.349752	-117.227148	3.314	194.1	36.3	166.0	13667
20161110102028.120	54.338562	-117.243311	3.252	181.3	80.7	175.7	7933
20161126064157.740	54.350777	-117.225358	3.313	206.2	61.9	-164.8	17884
20161109001140.300	54.337362	-117.248617	3.267	179.2	85.7	172.7	7660
20161129134626.290	54.340629	-117.248014	3.139	206.2	76.4	167.2	21062
20161122100947.510	54.349438	-117.227352	3.313	191.3	41.1	174.2	13124
20161128041703.550	54.343111	-117.233716	3.243	197.3	88.2	-176.0	19234
20161109014523.110	54.341418	-117.241227	3.584	83.8	20.1	123.8	7665
20161106024758.680	54.345695	-117.239323	3.4	209.8	87.4	176.4	6387
20161122055258.390	54.34668	-117.238501	3.437	214.9	83.4	179.1	12267
20161111091603.430	54.338123	-117.239315	3.254	28.3	87.5	-171.4	8174
20161129102223.820	54.340023	-117.248527	3.14	23.2	88.9	-163.2	20727
20161105211253.260	54.346366	-117.238802	3.409	22.6	86.8	178.2	5911
20161128010624.850	54.343355	-117.233537	3.261	18.1	88.5	-175.6	18992
20161129102308.250	54.339933	-117.248584	3.136	26.7	72.0	-160.7	20731
20161120021347.170	54.346887	-117.240283	3.315	21.4	86.3	174.9	9507
20161103041809.050	54.347974	-117.240641	3.33	23.2	88.3	179.4	2045
20161112060510.910	54.337211	-117.243408	3.215	174.1	88.1	176.5	8536
20161127095504.440	54.343221	-117.248104	3.27	181.2	86.6	170.3	18508
20161120083826.790	54.347282	-117.241325	3.333	25.5	88.3	177.5	9591
20161105181031.880	54.345825	-117.239242	3.384	27.7	88.5	-169.1	5445
20161129040703.410	54.341109	-117.248242	3.164	159.4	73.6	166.4	20446
20161124042115.910	54.354643	-117.23807	3.36	203.6	86.2	-179.6	15459
20161130035514.750	54.336796	-117.248625	3.184	206.5	89.2	170.2	21632
20161105180300.810	54.346118	-117.239006	3.395	208.6	89.8	179.3	5421
20161108172656.080	54.338505	-117.248519	3.254	7.2	89.2	178.4	7631
20161129040132.210	54.343237	-117.233626	3.241	17.3	81.9	-177.9	20435
20161130091310.410	54.341313	-117.234871	3.24	26.1	78.1	177.4	21877
20161125041205.040	54.349825	-117.227441	3.325	191.6	38.8	175.3	16372
20161122163720.220	54.346033	-117.239063	3.383	24.6	86.3	-173.3	14006
20161103024905.660	54.347957	-117.240658	3.33	26.5	89.0	-170.2	1968
20161122044044.660	54.346729	-117.238428	3.396	206.5	85.3	176.0	11951
20161122034841.800	54.346875	-117.238273	3.333	210.6	88.4	173.3	11742
20161106025958.680	54.346741	-117.238477	3.45	22.4	86.5	179.7	6405
20161103091101.820	54.347563	-117.241138	3.332	24.7	87.0	-177.5	2347
20161122055549.550	54.346647	-117.238493	3.363	211.5	81.9	177.8	12280
20161125095005.640	54.347888	-117.245068	3.256	188.9	85.6	177.4	16987
20161130151353.390	54.341239	-117.234937	3.225	23.2	89.5	-178.4	22183
20161103023626.110	54.347953	-117.240633	3.329	205.1	88.7	168.6	1955
20161115135917.720	54.338778	-117.243286	3.245	358.7	81.8	-174.2	8892
20161111135509.030	54.338151	-117.243343	3.21	180.2	84.8	179.2	8275
20161105145239.900	54.345988	-117.239071	3.406	23.5	86.5	-179.4	4930
20161126071331.400	54.349788	-117.227238	3.318	190.1	22.8	173.3	17902
20161106001526.520	54.345927	-117.239119	3.394	24.7	86.3	-176.9	6193
20161103100510.600	54.347648	-117.241024	3.341	25.0	89.6	170.0	2497
20161105152147.900	54.345959	-117.239071	3.386	27.4	86.8	-179.5	5032
20161101193152.480	54.346875	-117.24576	3.22	18.8	80.2	171.7	1315
20161105195236.650	54.345487	-117.239518	3.381	25.0	88.2	-173.9	5717
20161101003621.560	54.348519	-117.243465	3.268	213.3	89.2	177.6	689
20161128124723.130	54.341345	-117.248372	3.236	183.1	89.2	-175.0	19769
20161123034426.920	54.344531	-117.240487	3.328	199.1	78.2	-174.8	14563
20161105163441.260	54.345813	-117.239258	3.399	25.3	87.5	-175.6	5230
20161122032748.500	54.351986	-117.227026	3.275	15.1	88.4	176.3	11688
20161123234425.010	54.352384	-117.225138	3.311	196.8	57.1	-172.6	15294
20161124074905.050	54.349565	-117.226864	3.299	189.2	36.3	167.6	15586
20161122070229.940	54.346269	-117.238843	3.405	24.4	87.6	-177.3	12525
20161128032953.330	54.343599	-117.248071	3.236	178.9	88.9	170.9	19172
20161122062210.330	54.346635	-117.238509	3.348	28.0	87.4	-174.1	12360
20161123050504.410	54.345492	-117.239486	3.372	26.8	86.6	-171.1	14638
20161125043049.710	54.346411	-117.246159	3.274	209.0	87.4	178.4	16392
20161122115458.630	54.350008	-117.227108	3.318	189.4	41.2	169.3	13444
20161105215340.130	54.344499	-117.240503	3.327	202.3	68.2	173.7	5995
20161114113339.310	54.334949	-117.248861	3.278	183.1	88.2	179.2	8786
20161122213039.030	54.345662	-117.239437	3.371	25.6	86.5	-169.4	14233
20161128043155.610	54.341565	-117.248291	3.213	189.7	86.2	-170.1	19257
20161121084541.600	54.351851	-117.227067	3.264	192.0	85.0	173.5	10927
20161122024009.990	54.344983	-117.241488	3.338	27.1	85.4	-175.8	11642
20161121102738.450	54.351917	-117.227075	3.273	195.8	88.6	-171.0	11017
20161106053343.860	54.346891	-117.238273	3.351	24.0	83.7	-177.9	6626
20161110221639.530	54.338049	-117.248494	3.231	181.3	79.3	177.5	8090
20161105014939.650	54.345374	-117.24113	3.326	207.7	84.4	172.4	4101
20161110092548.350	54.33831	-117.243278	3.227	182.2	85.5	-179.7	7918
20161103101846.420	54.347514	-117.241146	3.33	22.1	87.5	-179.4	2532
20161121001728.840	54.347209	-117.239982	3.324	207.4	87.3	177.3	10051
20161121055158.540	54.347066	-117.240169	3.287	22.1	84.5	174.4	10688
20161129112641.680	54.332633	-117.249235	3.209	23.9	87.0	179.6	20876
20161128204236.790	54.341597	-117.248405	3.205	1.1	76.7	172.6	20123
20161103110915.590	54.347709	-117.240999	3.33	20.6	89.6	179.6	2650
20161028000858.300	54.355172	-117.236019	3.349	204.2	89.6	-165.3	135
20161104214526.840	54.344987	-117.241423	3.329	25.7	86.6	-175.3	3849
20161106055345.790	54.346366	-117.23877	3.404	23.5	85.1	178.1	6653
20161105120416.350	54.344702	-117.240535	3.351	27.9	85.7	-171.1	4595
20161128063635.220	54.343648	-117.233374	3.246	194.4	76.2	-169.4	19446
20161105174947.640	54.345658	-117.239347	3.382	25.7	89.3	179.3	5389
20161106032754.870	54.346647	-117.23855	3.416	21.9	88.2	-178.9	6446
20161105210656.130	54.345284	-117.239551	3.377	25.1	87.1	-171.3	5900
20161101145413.110	54.34696	-117.245768	3.225	14.6	59.3	169.1	1152
20161126064206.660	54.343746	-117.248063	3.23	7.6	78.7	171.4	17885
20161124123724.760	54.346672	-117.231201	3.272	185.7	87.1	-178.9	15760
20161112012407.830	54.338619	-117.238761	3.252	209.6	89.4	171.2	8472
20161106023359.100	54.346672	-117.238534	3.442	23.8	85.7	-179.5	6366
20161105220416.240	54.346391	-117.238802	3.41	26.0	87.4	-177.9	6008
20161130110552.920	54.341528	-117.234619	3.269	200.6	84.7	-176.9	21972
20161130140658.800	54.341268	-117.234806	3.271	206.9	84.7	172.9	22138
20161105191602.170	54.345015	-117.23995	3.367	206.0	86.7	177.4	5620
20161127050520.460	54.348991	-117.226326	3.313	195.9	51.4	175.0	18235
20161114105216.430	54.335059	-117.248893	3.279	182.0	89.5	175.1	8778
20161122160141.880	54.352132	-117.225391	3.331	188.4	57.8	175.8	13965
20161130044642.970	54.341313	-117.23488	3.237	24.3	88.7	-171.6	21672
20161104232351.250	54.34517	-117.241235	3.316	206.3	85.5	-179.2	3972
20161122153038.100	54.343404	-117.237207	3.274	187.8	88.2	-179.4	13940
20161110225954.530	54.336898	-117.243424	3.261	186.8	87.1	175.1	8097
20161030084057.540	54.353935	-117.23859	3.353	205.8	87.8	-174.5	510
20161129044247.410	54.343494	-117.233455	3.251	17.3	85.3	170.2	20478
20161129222818.900	54.341504	-117.234757	3.26	20.8	82.5	177.1	21471
20161105145325.500	54.345638	-117.239372	3.387	24.5	86.8	-178.6	4934
20161106110529.280	54.346716	-117.23842	3.334	22.8	85.1	178.8	6869
20161121122109.870	54.351668	-117.227222	3.277	197.2	84.8	179.2	11088
20161122114139.900	54.349817	-117.227441	3.325	190.1	40.4	171.0	13387
20161122085712.060	54.346318	-117.23894	3.458	24.3	89.9	-178.5	12913
20161104212013.540	54.345129	-117.2413	3.33	23.3	89.0	-178.5	3812
20161123231319.140	54.349854	-117.227091	3.322	190.0	38.1	168.3	15272
20161122052402.440	54.346228	-117.238851	3.429	22.5	87.5	179.1	12157
20161110221720.210	54.338049	-117.248486	3.231	181.6	85.1	179.3	8091
20161101123543.280	54.346391	-117.246183	3.268	27.5	86.0	174.4	946
20161124085723.650	54.354712	-117.238005	3.356	22.5	81.3	167.6	15639
20161122084547.530	54.352039	-117.227002	3.267	14.6	87.8	174.1	12874
20161129065514.580	54.343388	-117.233529	3.247	17.6	82.5	-177.2	20607
20161123061803.970	54.34952	-117.227091	3.306	200.7	40.0	-179.3	14699
20161105165046.520	54.346012	-117.239063	3.409	22.2	85.5	-175.0	5272
20161101140424.620	54.346932	-117.245719	3.218	17.7	72.5	172.0	1081
20161122035834.290	54.346688	-117.238517	3.459	23.5	86.8	-177.2	11780
20161130061618.190	54.341423	-117.234709	3.265	23.1	87.9	174.4	21741
20161122134039.050	54.350085	-117.227417	3.329	168.3	21.5	143.6	13773
20161122085052.500	54.346627	-117.23855	3.427	27.2	85.7	-174.6	12893
20161110131236.250	54.335783	-117.248787	3.28	3.5	85.9	173.0	7956
20161129213451.770	54.341455	-117.234603	3.263	20.6	73.0	171.0	21450
20161110090443.630	54.340047	-117.241276	3.589	55.7	17.9	92.2	7911
20161122072037.980	54.346651	-117.238493	3.344	209.3	74.2	169.2	12595
20161122062659.880	54.346358	-117.238802	3.421	25.1	87.4	-172.9	12381
20161103140804.350	54.348039	-117.240584	3.329	27.3	89.0	-179.7	3133
20161130133155.160	54.34137	-117.234774	3.26	203.2	88.1	-179.8	22110
20161105121922.330	54.344397	-117.240763	3.345	210.4	89.6	172.9	4608
20161123025708.220	54.350098	-117.225814	3.323	192.4	53.4	176.7	14530
20161122083230.570	54.345382	-117.236589	3.265	24.4	84.6	175.0	12842
20161106003726.670	54.346549	-117.23859	3.354	20.7	83.2	175.9	6223
20161105200924.250	54.344698	-117.240373	3.332	193.5	67.6	-174.5	5758
20161125114449.740	54.346562	-117.245516	3.269	27.3	86.2	-177.6	17309
20161129115511.880	54.340409	-117.248218	3.135	204.9	81.2	177.6	20912
20161125060450.150	54.347852	-117.245028	3.283	189.5	89.7	-177.8	16571
20161129130113.700	54.342647	-117.248153	3.234	180.7	85.8	-174.4	20996
20161105014008.510	54.345223	-117.241268	3.324	23.7	87.3	177.4	4092
20161129023235.180	54.341496	-117.248324	3.23	1.4	85.1	172.5	20366
20161108042434.840	54.338098	-117.24856	3.256	183.1	87.6	179.8	7551
20161105165232.010	54.345654	-117.239372	3.389	26.6	88.8	177.5	5276
20161106071617.690	54.346704	-117.238411	3.332	209.5	83.8	176.9	6726
20161114023205.690	54.338379	-117.248535	3.22	181.7	89.7	177.7	8763
20161105140006.260	54.344336	-117.240837	3.345	24.5	87.8	178.9	4742
20161125220631.110	54.352368	-117.225309	3.326	193.4	62.4	-164.9	17709
20161119165358.710	54.347953	-117.240666	3.336	27.4	89.9	-172.5	9373
20161029115807.590	54.35378	-117.238745	3.34	25.7	79.3	167.4	355
20161120095830.560	54.347021	-117.241569	3.33	205.9	89.1	176.6	9665
20161106134618.270	54.346859	-117.238241	3.336	29.4	89.9	-177.2	6935
20161122150528.340	54.346204	-117.2389	3.4	198.4	80.5	177.6	13905
20161101152712.760	54.346814	-117.24589	3.215	19.0	72.5	171.5	1185
20161123181714.390	54.350187	-117.227246	3.327	193.3	38.9	170.3	15173
20161122114351.580	54.346029	-117.239022	3.398	205.3	84.3	179.6	13399
20161106062758.920	54.346863	-117.238379	3.46	209.0	86.5	-172.1	6683
20161120230647.890	54.351624	-117.227214	3.286	199.6	82.2	-170.0	9946
20161125095437.170	54.346257	-117.245695	3.275	18.7	87.1	174.4	17007
20161029200813.100	54.353829	-117.238737	3.34	22.3	74.7	155.2	422
20161113060836.680	54.335079	-117.248885	3.279	180.6	85.8	-178.8	8707
20161106041145.330	54.346777	-117.238379	3.351	20.7	83.2	175.9	6525
20161101151552.690	54.346859	-117.245809	3.216	19.0	68.0	169.8	1174
20161123140911.690	54.344368	-117.240763	3.362	24.6	88.8	-173.0	15064
20161121062140.090	54.346871	-117.240275	3.33	202.0	87.0	178.6	10730
20161122155004.700	54.345422	-117.239567	3.365	28.5	86.0	-173.3	13958
20161125094237.760	54.346252	-117.245695	3.27	203.2	87.5	175.3	16948
20161123054400.500	54.34445	-117.240739	3.347	25.9	88.5	-176.2	14672
20161110041309.310	54.338241	-117.243302	3.232	181.5	84.8	173.1	7851
20161116164023.710	54.333089	-117.242375	3.262	30.4	87.8	-176.1	8966
20161130060337.840	54.341361	-117.234831	3.24	27.1	72.1	179.6	21731
20161124125328.730	54.348991	-117.226318	3.32	194.0	54.7	179.1	15765
20161111161509.700	54.336222	-117.248787	3.277	2.5	82.6	170.6	8329
20161129102141.840	54.340194	-117.248381	3.138	20.3	88.7	-164.0	20724
20161105093305.560	54.34471	-117.240511	3.36	22.5	88.1	-178.2	4458
20161123014015.870	54.350118	-117.225822	3.322	185.4	63.7	-178.0	14455
20161105200237.930	54.345459	-117.239575	3.368	24.6	86.9	-178.5	5740
20161123041248.800	54.349874	-117.225887	3.314	189.8	57.0	-176.9	14590
20161122193258.210	54.352177	-117.22548	3.339	187.2	51.5	173.2	14165
20161105095106.430	54.344759	-117.240479	3.366	207.1	88.7	174.9	4470
20161106024733.870	54.344617	-117.24043	3.331	197.3	80.5	178.6	6385
20161106110430.390	54.346875	-117.238249	3.332	208.9	87.9	172.9	6868
20161103101532.850	54.347367	-117.241276	3.345	23.5	89.4	-172.3	2523
20161122043743.660	54.346692	-117.238477	3.348	24.8	86.8	-173.1	11940
20161130061550.670	54.33632	-117.248519	3.156	351.9	63.3	154.8	21740
20161121045607.340	54.347139	-117.240063	3.295	204.5	89.0	179.0	10575
20161126013308.950	54.343807	-117.248047	3.228	7.9	78.6	171.1	17782
20161105154404.640	54.344059	-117.241064	3.351	25.7	85.9	-176.8	5091
20161111132647.230	54.338106	-117.239323	3.251	204.8	86.5	169.0	8266
20161106170037.610	54.346521	-117.238656	3.447	205.7	88.1	-176.8	7031
20161125064838.650	54.346818	-117.245858	3.214	19.4	80.1	178.3	16674
20161122140844.460	54.345459	-117.239494	3.38	27.5	86.4	-171.9	13833
20161105191008.090	54.345662	-117.239404	3.382	25.7	88.1	-170.7	5602
20161122074704.650	54.346676	-117.238428	3.334	205.4	80.2	177.5	12686
20161129042255.550	54.340894	-117.248364	3.255	184.6	80.5	175.1	20460
20161122203447.350	54.345841	-117.23916	3.394	29.6	88.0	-172.7	14202
20161112014355.850	54.338558	-117.238826	3.243	26.0	88.7	-175.1	8485
20161103072637.910	54.347913	-117.240682	3.333	25.1	90.0	-170.5	2171
20161125192941.710	54.349101	-117.226229	3.326	198.0	44.3	174.9	17668
20161111094239.870	54.337142	-117.243441	3.219	185.3	86.7	177.9	8180
20161106064950.960	54.346838	-117.238273	3.332	209.0	79.5	176.2	6704
20161106190925.450	54.346859	-117.238314	3.354	209.0	89.3	178.9	7098
20161122164322.850	54.345369	-117.239567	3.383	24.8	87.3	-173.5	14015
20161130072025.900	54.342643	-117.248169	3.224	181.4	79.3	171.4	21802
20161101150814.470	54.346977	-117.245671	3.214	19.2	71.4	171.2	1165
20161128030958.840	54.34342	-117.233496	3.271	195.5	88.0	-176.9	19133
20161125121038.290	54.346383	-117.245565	3.273	203.7	86.8	-169.1	17359
20161103090629.880	54.347498	-117.241187	3.339	205.2	88.9	178.1	2337
20161122135417.360	54.34578	-117.23925	3.388	26.9	85.5	-175.0	13805
20161030171446.230	54.354004	-117.238517	3.358	210.3	88.8	-173.6	546
20161122100535.320	54.349845	-117.227344	3.322	186.2	34.8	161.5	13116
20161128074718.470	54.343404	-117.245166	3.642	250.6	2.2	117.3	19522
20161029083355.550	54.35376	-117.238737	3.359	203.0	88.3	176.2	335
20161110040043.260	54.338257	-117.243359	3.24	185.1	86.0	177.4	7847
20161128082742.730	54.344828	-117.23702	3.267	204.6	88.5	174.9	19571
20161127144203.440	54.343717	-117.248079	3.235	180.9	87.4	175.4	18664
20161105194310.020	54.346436	-117.238745	3.43	22.1	86.9	-173.4	5694
20161128070436.580	54.341545	-117.248291	3.21	3.8	83.0	164.5	19473
20161111130157.130	54.338298	-117.248535	3.228	179.6	89.2	179.3	8252
20161111165909.600	54.338607	-117.238794	3.249	210.2	89.5	158.2	8348
20161122064413.450	54.345496	-117.241073	3.344	26.0	89.8	-170.8	12463
20161122051936.120	54.345341	-117.234326	3.257	188.9	86.7	-172.9	12137
20161106220337.310	54.346871	-117.238289	3.347	23.8	86.2	-171.9	7173
20161121031535.860	54.346879	-117.240259	3.315	23.7	89.2	178.1	10372
20161122135234.770	54.345475	-117.239478	3.374	206.8	89.5	176.3	13801
20161123060348.460	54.350085	-117.225798	3.322	193.1	50.8	175.6	14686
20161129123145.890	54.339982	-117.248543	3.136	19.9	87.6	-174.6	20967
20161130005643.720	54.342672	-117.248177	3.226	178.6	88.0	178.2	21534
20161105160131.760	54.344055	-117.241064	3.349	23.7	85.6	-177.9	5155
20161105144633.960	54.345638	-117.239372	3.385	22.9	86.7	-173.2	4904
20161123040146.170	54.345968	-117.239087	3.403	26.3	87.7	-172.6	14572
20161106052843.570	54.345618	-117.239388	3.377	25.1	87.7	-173.4	6620
20161121053127.160	54.346989	-117.240226	3.289	22.9	84.5	177.8	10644
20161121232019.320	54.338822	-117.243205	3.229	3.0	83.3	175.8	11387
20161123024411.130	54.344918	-117.240251	3.325	200.3	81.9	-177.4	14517
20161124162142.450	54.350281	-117.227083	3.319	198.6	42.9	-178.8	15847
20161106091005.690	54.346948	-117.238216	3.376	212.3	88.4	176.4	6811
20161113054523.060	54.338481	-117.238867	3.223	204.8	85.6	167.6	8702
20161129055749.910	54.340568	-117.248397	3.257	182.1	74.3	177.0	20556
20161106095732.160	54.346883	-117.238273	3.333	23.6	86.4	174.4	6837
20161105225110.690	54.346399	-117.23894	3.452	22.6	85.3	180.0	6083
20161122041344.640	54.346309	-117.23881	3.415	25.4	87.7	172.3	11839
20161105142939.670	54.345528	-117.239478	3.369	28.1	81.9	-179.1	4835
20161105034034.080	54.345207	-117.2413	3.339	24.8	89.7	-177.4	4157
20161127233202.340	54.343587	-117.233146	3.302	18.9	89.1	174.8	18899
20161127131100.450	54.344283	-117.248022	3.235	181.2	89.9	-174.7	18633
20161101154514.110	54.34696	-117.245728	3.22	19.0	73.9	172.2	1200
20161121020308.350	54.347001	-117.240129	3.328	205.4	78.8	179.2	10240
20161122061008.320	54.346212	-117.238924	3.399	201.5	88.6	-172.1	12326
20161101043047.560	54.348315	-117.243685	3.257	34.0	89.6	-179.4	754
20161105172550.950	54.345353	-117.239583	3.359	29.3	89.3	-167.8	5338
20161121232043.560	54.351847	-117.225513	3.323	190.9	55.3	177.4	11388
20161123184403.740	54.345675	-117.239274	3.355	209.7	89.1	174.8	15188
20161107143106.790	54.347148	-117.238094	3.421	205.7	83.4	176.9	7415
20161130030600.800	54.342631	-117.248185	3.232	179.8	77.6	176.9	21597
20161125005916.070	54.346436	-117.246134	3.275	207.0	88.6	-178.5	16108
20161101133601.880	54.346798	-117.245825	3.213	20.3	69.3	170.6	1037
20161121064339.080	54.346965	-117.240251	3.292	28.0	88.7	173.2	10770
20161116105349.920	54.333004	-117.242521	3.261	34.7	87.0	-168.9	8945
20161129024356.410	54.343254	-117.233618	3.24	197.9	88.7	179.0	20373
20161102174606.560	54.346379	-117.246224	3.269	209.7	85.1	178.3	1704
20161120112327.210	54.346969	-117.240218	3.298	27.2	89.3	-173.4	9716
20161128224645.710	54.343518	-117.23335	3.264	198.8	86.1	-178.6	20198
20161127145118.720	54.345841	-117.24541	3.278	6.1	88.1	-177.3	18666
20161108115956.540	54.337496	-117.248576	3.263	3.9	89.4	-172.7	7610
20161122072258.260	54.347974	-117.237118	3.383	201.8	81.5	-173.5	12607
20161125231843.620	54.349825	-117.225765	3.303	202.4	71.1	166.0	17742
20161128001546.280	54.343127	-117.233675	3.27	196.9	89.1	-179.1	18943
20161031024048.270	54.354138	-117.238452	3.36	204.0	88.7	-173.5	594
20161122130314.080	54.349951	-117.227507	3.33	155.3	14.7	125.2	13666
20161105153823.150	54.345601	-117.239396	3.399	24.4	85.4	-174.7	5077
20161105155511.630	54.344039	-117.241032	3.345	206.8	83.1	171.3	5131
20161125085517.120	54.347892	-117.24506	3.265	189.6	89.5	177.9	16844
20161128022641.970	54.343188	-117.233724	3.238	19.7	72.4	175.4	19068
20161129022739.790	54.343376	-117.233496	3.262	200.0	82.4	-177.6	20359
20161122055231.480	54.352026	-117.227002	3.267	195.8	86.7	-177.0	12264
20161105002244.560	54.347465	-117.239787	3.325	27.2	88.9	-176.0	4029
20161101050513.670	54.348238	-117.243807	3.263	35.5	89.6	-177.2	759
20161110170015.250	54.337187	-117.243441	3.254	183.0	88.5	176.8	8032
20161107033545.790	54.346651	-117.238485	3.366	23.8	86.7	-177.1	7248
20161105221953.160	54.34585	-117.23925	3.395	26.4	87.0	-172.5	6034
20161103085838.590	54.347416	-117.241211	3.328	25.5	85.6	174.7	2322
20161113052732.840	54.338582	-117.238745	3.216	207.8	89.8	-179.9	8700
20161129043634.680	54.340405	-117.248397	3.258	185.3	83.2	178.3	20468
20161115102251.320	54.332931	-117.242562	3.256	31.2	87.5	-172.9	8872
20161110031331.210	54.338444	-117.243294	3.249	178.4	85.4	171.9	7826
20161130000822.790	54.341541	-117.234619	3.265	20.7	87.2	177.3	21515
20161123170235.940	54.349341	-117.227287	3.304	203.4	48.6	-170.3	15139
20161122052952.140	54.346533	-117.238599	3.363	25.8	87.0	-178.7	12177
20161105151523.510	54.345829	-117.239233	3.399	205.2	88.0	169.4	5015
20161105152504.990	54.345479	-117.239486	3.369	24.6	84.6	-178.2	5036
20161103101243.560	54.347078	-117.241536	3.314	26.9	85.7	176.6	2514
20161122004402.580	54.351786	-117.225464	3.322	194.2	55.6	-171.7	11498
20161105113934.610	54.344495	-117.240666	3.365	23.9	86.9	-177.0	4574
20161110185314.170	54.336597	-117.243514	3.266	186.1	85.7	176.5	8058
20161111114204.210	54.338481	-117.243302	3.205	180.9	86.6	179.6	8211
20161123052206.180	54.344198	-117.240942	3.347	207.4	88.9	167.0	14650
20161106080343.740	54.346814	-117.238289	3.332	24.0	89.4	174.3	6770
20161128051819.550	54.343469	-117.233521	3.229	198.9	77.4	-178.9	19366
20161109120652.970	54.337174	-117.248633	3.259	1.4	90.0	-179.4	7700
20161101145149.690	54.346639	-117.246004	3.231	14.6	63.3	166.1	1148
20161111205145.080	54.336641	-117.243587	3.264	7.5	86.9	173.5	8412
20161103022516.900	54.348063	-117.240568	3.329	205.2	84.0	177.4	1944
20161125105853.870	54.346493	-117.245549	3.261	15.5	74.4	171.0	17209
20161105172802.590	54.345964	-117.239111	3.396	26.3	87.2	-176.2	5340
20161122095728.400	54.349231	-117.227629	3.322	195.6	40.9	-179.4	13090
20161109190136.910	54.33584	-117.248885	3.284	181.7	89.3	178.0	7749
20161102162930.510	54.346667	-117.245907	3.236	20.7	80.3	179.4	1687
20161122133815.090	54.345573	-117.234082	3.224	183.4	82.9	177.9	13768
20161127091058.440	54.343392	-117.248088	3.271	181.3	86.9	-179.2	18461
20161129165621.730	54.340157	-117.248429	3.133	12.5	65.0	166.5	21253
20161122042657.840	54.34683	-117.238395	3.444	24.4	88.8	-173.3	11890
20161128013102.970	54.34318	-117.233643	3.269	193.6	80.7	-173.3	19030
20161103093104.790	54.347591	-117.241064	3.334	21.5	87.4	178.7	2385
20161122172604.510	54.349801	-117.227547	3.33	182.5	28.3	160.8	14075
20161120085318.430	54.346977	-117.24152	3.329	205.5	88.8	-176.0	9606
20161122125702.910	54.345166	-117.239754	3.371	26.1	88.6	-177.1	13652
20161105080547.430	54.344885	-117.240365	3.363	25.2	86.8	-175.1	4342
20161105195026.840	54.346277	-117.238802	3.421	23.8	85.9	-177.3	5713
20161122100126.130	54.346696	-117.238468	3.367	208.4	87.1	173.3	13101
20161102142146.990	54.346623	-117.245964	3.252	203.1	89.3	177.0	1656
20161107134506.890	54.338009	-117.248543	3.259	182.6	85.8	177.0	7404
20161105145128.120	54.345593	-117.239453	3.386	31.0	85.5	-169.6	4924
20161105194206.460	54.345671	-117.239315	3.394	207.1	90.0	168.6	5691
20161105143002.870	54.34432	-117.24078	3.35	27.2	85.5	178.4	4837
20161122075024.840	54.352079	-117.226929	3.271	196.7	89.4	-168.2	12696
20161123230013.860	54.349601	-117.226782	3.308	192.4	40.0	161.6	15264
20161125063448.230	54.346667	-117.245931	3.233	22.3	71.2	179.0	16638
20161103083831.870	54.347396	-117.241235	3.325	25.5	89.4	174.9	2284
20161123200626.790	54.351322	-117.225098	3.302	197.9	81.3	-175.8	15207
20161127225151.230	54.343306	-117.233643	3.262	19.2	71.8	174.2	18864
20161106035702.360	54.346688	-117.238468	3.351	22.2	87.0	178.6	6491
20161122104310.510	54.349792	-117.22736	3.32	189.0	40.0	169.8	13213
20161106190944.850	54.346684	-117.238371	3.345	209.0	78.1	176.5	7099
20161124063732.040	54.352352	-117.226823	3.276	15.2	87.1	179.0	15555
20161123082352.860	54.34589	-117.239185	3.382	210.2	85.2	-178.5	14808
20161129190233.480	54.343978	-117.248096	3.224	177.5	88.3	175.3	21351
20161121034824.480	54.347095	-117.240104	3.306	199.7	83.4	-175.3	10439
20161112062032.010	54.338468	-117.238875	3.223	205.9	84.9	172.0	8539
20161130064349.700	54.340894	-117.235164	3.241	21.9	76.7	175.4	21774
20161105155612.120	54.345361	-117.239632	3.375	208.1	88.5	179.8	5135
20161106025042.280	54.346794	-117.238444	3.448	22.6	86.1	178.7	6396
20161105043559.650	54.345211	-117.241276	3.323	24.9	89.6	-175.9	4183
20161031235003.750	54.348438	-117.243628	3.287	211.5	80.4	171.8	669
20161101160931.130	54.346822	-117.245923	3.267	21.9	83.6	172.8	1213
20161105221547.950	54.346053	-117.239128	3.388	22.1	86.0	-174.6	6028
20161121010403.390	54.34705	-117.240129	3.323	23.4	89.6	175.8	10111
20161123090425.670	54.344214	-117.240902	3.355	26.4	85.8	-174.2	14842
20161125221728.470	54.345903	-117.245312	3.243	184.6	88.2	-173.8	17712
20161125033151.570	54.350688	-117.225578	3.31	202.1	75.5	-170.4	16326
20161125022842.720	54.352661	-117.225236	3.332	187.4	56.3	174.1	16240
20161109080900.070	54.337097	-117.248494	3.24	6.3	83.3	177.2	7694
20161103083919.000	54.347384	-117.241227	3.322	26.6	86.2	-177.3	2286
20161105154412.080	54.344071	-117.241024	3.35	21.4	86.5	-175.7	5092
20161112192015.540	54.335372	-117.248901	3.279	179.6	88.8	178.6	8661
20161127051755.840	54.346448	-117.245256	3.285	184.0	87.6	-176.9	18238
20161120093333.590	54.347412	-117.241252	3.335	23.9	87.5	-172.9	9637
20161127223754.260	54.343355	-117.233512	3.257	193.7	78.4	-172.0	18848
20161121215005.890	54.338883	-117.24318	3.22	185.0	86.1	-179.7	11314
20161115143647.420	54.333179	-117.242301	3.258	35.1	87.1	-170.7	8896
20161106202007.090	54.346651	-117.238428	3.363	23.5	87.3	-172.6	7126
20161101214148.540	54.346899	-117.245752	3.202	17.8	73.5	171.5	1366
20161122195823.940	54.345308	-117.239657	3.388	31.1	86.9	-165.5	14178
20161106202254.150	54.346545	-117.238639	3.447	23.7	86.5	-176.7	7130
20161107000837.920	54.346497	-117.23868	3.41	207.2	89.4	-179.6	7208
20161105150918.270	54.345699	-117.239331	3.387	205.9	87.0	175.4	4998
20161128011448.650	54.343937	-117.245614	3.637	33.6	4.4	-100.0	19010
20161122071222.910	54.346615	-117.238566	3.446	24.8	86.1	-175.6	12558
20161127192236.530	54.343022	-117.248161	3.271	185.2	87.7	-176.2	18763
20161120095233.530	54.347412	-117.241268	3.32	26.9	89.0	-173.0	9660
20161125043631.970	54.346346	-117.246224	3.274	205.7	89.3	177.5	16404
20161129124532.770	54.34266	-117.248185	3.237	4.7	81.4	171.6	20982
20161106013020.620	54.346582	-117.238566	3.355	22.6	86.1	178.7	6292
20161101233234.180	54.346859	-117.245776	3.219	18.4	75.7	172.6	1420
20161103082038.690	54.34716	-117.241398	3.322	203.0	90.0	-171.6	2238
20161130135830.250	54.341239	-117.234961	3.231	24.8	81.5	179.7	22135
20161122122658.670	54.346244	-117.238867	3.41	204.1	89.9	-177.7	13558
20161123123618.030	54.341475	-117.248348	3.248	184.9	88.2	-166.9	15027
20161128045140.110	54.341541	-117.248315	3.252	179.5	81.9	176.4	19322
20161123123120.370	54.350146	-117.225781	3.32	196.1	53.9	-176.6	15020
20161106021157.070	54.346354	-117.238794	3.422	23.5	85.9	-174.1	6339
20161105160441.000	54.344385	-117.240771	3.345	26.2	84.9	-175.8	5161
20161120224346.460	54.347514	-117.239689	3.331	204.6	88.6	180.0	9902
20161123025628.370	54.345846	-117.239193	3.378	26.2	89.9	-176.3	14529
20161101135730.800	54.346611	-117.24598	3.268	20.6	82.6	169.6	1068
20161104235902.660	54.345268	-117.241211	3.323	205.8	86.6	-178.8	4003
20161105160855.070	54.345622	-117.23938	3.388	26.0	90.0	-174.6	5173
20161121215315.600	54.33879	-117.243205	3.223	185.5	87.8	177.7	11317
20161104235346.110	54.345007	-117.241406	3.344	24.1	83.4	-170.3	3999
20161130123909.950	54.341382	-117.234847	3.239	24.8	73.2	-177.3	22067
20161110094624.830	54.335474	-117.248853	3.281	182.3	88.5	178.4	7920
20161122103017.950	54.346204	-117.238892	3.409	23.5	87.1	179.4	13173
20161127233420.860	54.343209	-117.233651	3.249	17.8	83.5	-179.4	18901
20161129104547.880	54.33315	-117.248861	3.214	214.8	67.7	175.8	20803
20161031032938.770	54.354073	-117.238436	3.354	206.8	83.0	-173.7	605
20161122040102.540	54.346989	-117.238208	3.4	210.1	82.2	-174.9	11791
20161102093156.590	54.346851	-117.24589	3.226	19.2	70.7	174.7	1607
20161128213604.340	54.343111	-117.233594	3.26	14.9	83.7	176.4	20150
20161105160434.060	54.34412	-117.241007	3.358	24.6	88.8	-178.2	5160
20161124014800.630	54.349605	-117.226896	3.299	191.2	38.1	173.3	15361
20161103070214.080	54.347872	-117.240739	3.331	22.9	87.7	-179.7	2157
20161129133948.740	54.343152	-117.233822	3.222	199.0	89.9	177.6	21048
20161101154445.490	54.347042	-117.245662	3.217	17.7	71.1	169.1	1199
20161122133428.290	54.350138	-117.227368	3.327	190.3	40.8	170.9	13759
20161126085103.760	54.345178	-117.247835	3.257	134.9	72.9	167.3	17934
20161123075208.660	54.344088	-117.24104	3.351	24.9	88.4	-175.2	14770
20161130083703.180	54.341268	-117.234831	3.264	204.2	84.2	178.5	21852
20161106140221.220	54.346883	-117.238338	3.452	207.0	89.8	-175.9	6943
20161125094741.070	54.346228	-117.245744	3.274	205.3	87.6	171.7	16978
20161101165253.710	54.346672	-117.245947	3.229	17.2	80.6	170.7	1241
20161106055312.930	54.346167	-117.238949	3.385	206.6	85.9	177.9	6649
20161105163416.640	54.346	-117.239079	3.395	26.0	84.7	-173.0	5226
20161122200055.560	54.352266	-117.225472	3.34	187.2	51.5	173.2	14180
20161122111047.740	54.346777	-117.238436	3.405	207.9	85.3	175.7	13298
20161105104414.770	54.344588	-117.241764	3.348	201.1	86.0	-179.9	4517
20161123160021.820	54.341329	-117.248364	3.252	184.5	86.5	-177.7	15115
20161122055020.080	54.346586	-117.238615	3.463	208.5	83.0	178.6	12256
20161028173123.180	54.353581	-117.238851	3.364	208.3	89.9	-177.8	232
20161106042409.280	54.346806	-117.238387	3.364	28.8	86.4	-173.5	6542
20161120095203.220	54.347432	-117.241227	3.328	202.0	88.5	176.2	9658
20161101144813.550	54.346814	-117.24585	3.225	19.6	84.5	-179.5	1144
20161105141607.050	54.345369	-117.239567	3.383	207.5	89.6	-166.1	4782
20161106070707.530	54.346863	-117.238281	3.338	206.7	84.2	-177.9	6718
20161128024004.340	54.342989	-117.248128	3.237	178.7	85.6	172.5	19081
20161105094320.820	54.344735	-117.240503	3.358	25.0	88.7	179.7	4463
20161123085241.780	54.341471	-117.248307	3.244	2.6	80.5	167.2	14837
20161123114346.080	54.349353	-117.227271	3.309	196.5	45.9	-177.8	14974
20161121052508.240	54.34696	-117.240202	3.327	25.5	89.4	-177.1	10633
20161111121525.510	54.338704	-117.24327	3.223	180.5	85.5	178.6	8228
20161102162530.120	54.347042	-117.245687	3.208	17.4	81.8	176.0	1684
20161106014128.940	54.346712	-117.238485	3.445	22.1	82.5	-176.0	6305
20161130105539.000	54.342167	-117.23116	3.251	201.7	79.7	173.3	21956
20161105013148.120	54.348633	-117.239762	3.332	204.4	88.9	179.9	4084
20161110095951.660	54.338436	-117.243294	3.237	182.1	87.0	175.1	7925
20161121043049.410	54.347664	-117.239608	3.295	189.7	75.0	148.3	10525
20161122160610.550	54.345687	-117.239396	3.373	24.1	87.7	-170.8	13969
20161125042010.740	54.346375	-117.246216	3.276	205.0	88.1	-179.5	16378
20161101154238.710	54.346777	-117.245866	3.218	19.3	72.1	171.2	1195
20161104211109.310	54.34506	-117.241488	3.338	24.9	87.4	-175.7	3792
20161105201655.550	54.344633	-117.24043	3.332	198.8	79.9	178.9	5779
20161130102350.700	54.341488	-117.234668	3.256	21.1	85.8	-179.0	21918
20161030094050.510	54.353792	-117.238753	3.339	25.8	88.7	170.3	517
20161123050544.090	54.345435	-117.239551	3.386	26.4	87.1	-174.3	14639
20161122102023.260	54.346806	-117.23842	3.406	204.4	81.0	174.7	13152
20161129103600.590	54.340039	-117.248494	3.137	24.0	83.9	-164.2	20771
20161101144109.040	54.346981	-117.245695	3.21	15.5	66.1	170.8	1138
20161115133335.730	54.338741	-117.243319	3.247	3.1	84.7	-179.2	8888
20161029170200.920	54.353796	-117.238664	3.359	25.3	89.6	174.2	399
20161130062058.090	54.336528	-117.248364	3.15	210.0	79.6	169.2	21747
20161102025758.800	54.346826	-117.245809	3.215	20.7	81.7	173.8	1493
20161103110825.770	54.347559	-117.241089	3.335	205.1	89.8	-177.2	2649
20161124050600.780	54.350155	-117.22557	3.307	18.3	89.2	-176.2	15479
20161123123840.460	54.350342	-117.227002	3.317	201.2	44.1	-174.5	15029
20161124204321.750	54.352563	-117.225269	3.332	187.4	52.1	173.1	15926
20161109043008.840	54.337288	-117.248617	3.268	184.2	87.3	175.6	7678
20161126082201.500	54.35024	-117.227091	3.326	196.3	42.8	178.8	17927
20161120112809.700	54.347233	-117.241366	3.328	205.4	87.2	177.6	9719
20161122110219.670	54.345996	-117.239128	3.413	206.8	89.7	176.5	13268
20161101144056.750	54.34847	-117.243538	3.269	216.3	88.7	178.1	1137
20161120002837.770	54.3479	-117.240755	3.307	208.5	85.3	174.1	9493
20161125105054.020	54.346521	-117.245516	3.272	26.0	88.6	-179.9	17184
20161106014403.640	54.344674	-117.240389	3.334	198.4	81.4	-179.2	6307
20161128080529.660	54.341516	-117.248283	3.244	5.6	89.9	174.5	19552
20161110033510.210	54.338232	-117.243302	3.229	181.5	82.4	168.7	7838
20161107195740.850	54.346655	-117.238493	3.363	208.1	89.7	178.6	7479
20161127213349.040	54.34314	-117.248145	3.234	360.0	89.6	-175.1	18804
20161106180944.050	54.346594	-117.238566	3.38	209.5	89.8	179.7	7073
20161105192118.560	54.344039	-117.241032	3.348	26.1	87.0	-173.8	5632
20161120224850.220	54.34707	-117.240096	3.315	199.9	87.8	-178.4	9910
20161129083915.870	54.343091	-117.233724	3.249	199.2	81.9	-176.0	20661
20161103005025.120	54.348409	-117.240251	3.333	22.2	89.9	-176.6	1808
20161105192014.560	54.345426	-117.239567	3.356	28.7	88.9	-166.5	5631
20161130113406.000	54.342639	-117.248153	3.229	184.8	84.5	-179.3	22015
20161107082732.340	54.347078	-117.238167	3.418	21.9	84.6	-177.9	7311
20161122185803.580	54.350045	-117.234188	3.318	188.8	87.4	175.6	14134
20161127235514.140	54.343087	-117.2337	3.257	199.1	85.7	174.8	18919
20161106063459.800	54.346619	-117.238534	3.346	208.4	84.7	175.5	6691
20161121003805.320	54.347213	-117.23999	3.323	206.4	89.6	173.8	10080
20161105162743.350	54.344023	-117.241073	3.347	25.9	86.4	-174.8	5219
20161115011738.080	54.333028	-117.242472	3.261	30.0	89.1	-174.3	8825
20161128085307.960	54.34128	-117.24834	3.256	186.9	87.0	-179.8	19586
20161128013854.820	54.341626	-117.248283	3.249	0.7	79.9	166.7	19033
20161110214325.180	54.336719	-117.243416	3.242	185.7	85.9	177.7	8086
20161123214708.450	54.35037	-117.226969	3.313	196.3	38.7	177.4	15239
20161127062621.570	54.344377	-117.247998	3.241	4.7	88.3	171.0	18322
20161115071551.430	54.332857	-117.242627	3.271	31.9	82.9	-173.1	8862
20161123011533.220	54.345459	-117.23951	3.377	27.0	88.2	-170.5	14427
20161106233330.500	54.346655	-117.238615	3.367	23.4	86.1	-176.5	7201
20161114030427.890	54.338314	-117.248527	3.223	0.8	83.4	176.5	8768
20161122181824.940	54.349809	-117.227303	3.335	191.2	35.6	173.2	14112
20161122045412.730	54.346444	-117.238737	3.432	25.4	85.3	-179.5	12021
20161115061029.730	54.33291	-117.242635	3.264	32.5	85.0	-174.6	8854
20161107014659.310	54.346908	-117.238314	3.452	27.2	88.2	177.8	7221
20161105163651.360	54.344092	-117.241024	3.35	22.7	89.7	-177.6	5236
20161103124159.440	54.346696	-117.241789	3.319	26.1	88.8	164.7	2892
20161111034406.770	54.337236	-117.243424	3.222	186.8	85.5	171.9	8127
20161123021450.030	54.35011	-117.225806	3.319	189.8	51.2	175.2	14482
20161103104717.720	54.347713	-117.240991	3.319	27.2	87.2	-174.2	2593
20161129133636.600	54.339815	-117.248608	3.162	29.1	84.7	-177.8	21041
20161128121400.830	54.342627	-117.248112	3.259	357.7	89.7	-178.6	19729
20161127230843.190	54.343258	-117.233651	3.242	22.0	84.3	-178.2	18881
20161105204413.510	54.346338	-117.238835	3.43	24.6	85.3	-177.2	5842
20161029152916.770	54.353821	-117.238696	3.333	25.5	84.9	165.8	386
20161122153023.690	54.345943	-117.239071	3.393	208.5	89.9	175.1	13939
20161118221134.620	54.349268	-117.236133	3.315	185.3	89.3	170.7	9087
20161101222604.890	54.346818	-117.245817	3.201	20.2	75.7	174.0	1394
20161127145455.430	54.345793	-117.245296	3.25	188.4	90.0	-179.1	18670
20161124123126.600	54.35461	-117.238078	3.354	22.7	79.2	165.4	15757
20161129104539.540	54.343164	-117.233651	3.256	197.6	80.8	-178.7	20802
20161129065455.740	54.343429	-117.23348	3.266	199.2	81.8	178.5	20606
20161129014810.710	54.340735	-117.248381	3.253	181.8	69.3	176.1	20333
20161103095754.470	54.347355	-117.241235	3.327	26.0	89.2	-176.8	2473
20161105233638.040	54.346436	-117.238835	3.418	23.7	88.4	178.6	6150
20161122075110.570	54.346749	-117.23842	3.348	207.7	87.6	176.2	12701
20161122044455.660	54.346545	-117.238631	3.425	25.9	85.6	174.6	11971
20161115231510.440	54.332943	-117.242529	3.279	211.3	89.8	178.5	8918
20161117002510.110	54.333203	-117.242269	3.253	33.0	85.4	177.5	8981
20161124071237.240	54.349833	-117.227075	3.322	194.3	28.6	172.8	15569
20161105152159.890	54.345939	-117.239128	3.389	25.7	87.1	-170.7	5033
20161104101635.170	54.347518	-117.239738	3.327	206.6	88.5	176.3	3552
20161122035254.900	54.346838	-117.238338	3.348	28.0	84.3	-169.8	11759
20161130003142.000	54.341345	-117.234774	3.264	202.6	87.2	173.0	21520
20161123051220.950	54.350077	-117.225846	3.316	190.9	42.8	175.7	14643
20161104204657.790	54.345146	-117.241317	3.343	25.9	87.7	-176.1	3758
20161027122615.700	54.355001	-117.236108	3.354	22.0	89.5	169.5	38
20161128000916.050	54.343127	-117.233667	3.269	201.1	81.5	-166.6	18939
20161105155317.840	54.345809	-117.239242	3.385	24.6	85.9	-178.3	5124
20161122121133.510	54.346761	-117.23846	3.398	206.8	83.6	-178.2	13495
20161103091323.400	54.347457	-117.241178	3.325	23.4	88.7	178.8	2353
20161110200132.070	54.336898	-117.243538	3.271	185.7	88.1	-179.8	8068
20161129182834.150	54.343331	-117.233577	3.256	15.2	87.9	-179.9	21327
20161128143024.370	54.343648	-117.233382	3.245	15.4	84.8	177.0	19914
20161106180423.330	54.34672	-117.238517	3.45	24.5	88.9	-175.0	7066
20161130035347.200	54.341398	-117.234757	3.252	29.7	80.2	-176.4	21631
20161109234246.670	54.335954	-117.248747	3.281	180.3	89.4	-174.4	7781
20161129191448.250	54.341589	-117.234692	3.26	25.8	88.8	173.6	21358
20161127223020.890	54.34349	-117.23348	3.261	200.6	83.1	-176.8	18842
20161109022000.720	54.33739	-117.248608	3.266	180.3	88.4	174.3	7668
20161122093547.170	54.350028	-117.227205	3.317	188.0	36.4	166.7	13018
20161125074209.600	54.347888	-117.245044	3.267	359.9	81.4	174.5	16746
20161122183057.080	54.350053	-117.234334	3.313	182.0	86.1	-173.9	14119
20161130114059.230	54.341341	-117.234855	3.236	203.0	89.6	178.5	22027
20161105100413.920	54.344678	-117.240527	3.368	25.2	88.5	-175.2	4484
20161122115154.370	54.346053	-117.238997	3.404	23.9	87.7	-172.5	13426
20161123055449.180	54.344796	-117.240356	3.349	198.2	80.7	-175.9	14680
20161122054155.950	54.351835	-117.225496	3.324	193.3	51.6	-178.8	12219
20161130051057.980	54.341406	-117.234717	3.266	22.1	81.7	175.0	21689
20161129210028.600	54.341467	-117.234701	3.273	26.9	82.9	-172.2	21429
20161105010217.490	54.345219	-117.241268	3.321	25.9	86.9	180.0	4061
20161113160908.820	54.334066	-117.248958	3.286	182.6	87.5	-177.2	8748
20161120223224.480	54.347331	-117.239836	3.32	202.3	81.3	179.9	9877
20161129161828.850	54.339518	-117.248503	3.161	12.2	63.0	159.7	21216
20161110070526.420	54.337191	-117.243465	3.236	183.7	89.0	179.8	7888
20161125224327.730	54.34974	-117.226888	3.302	180.5	18.2	157.2	17726
20161127020128.420	54.345723	-117.245329	3.275	190.0	89.3	-176.8	18175
20161103115739.500	54.347685	-117.240999	3.335	22.5	87.4	177.8	2770
20161110144333.190	54.338521	-117.243294	3.229	184.3	85.3	175.5	7980
20161105234920.170	54.346541	-117.238713	3.438	22.6	84.7	179.3	6160
20161122103030.190	54.349813	-117.227376	3.323	188.4	36.7	168.6	13174
20161123130253.500	54.349849	-117.226986	3.329	191.5	41.5	172.3	15040
20161124152712.310	54.350716	-117.225545	3.321	208.1	77.6	-175.3	15830
20161130100044.760	54.340914	-117.235148	3.241	199.2	84.2	175.2	21897
20161128043805.000	54.341768	-117.239404	3.065	212.2	89.8	170.8	19277
20161105162658.600	54.346021	-117.239071	3.408	208.0	88.5	-179.8	5215
20161104231618.040	54.345166	-117.241341	3.339	24.8	86.9	-173.6	3965
20161103112139.120	54.347628	-117.24104	3.321	23.5	87.3	171.3	2677
20161128030917.870	54.343522	-117.23339	3.267	201.4	82.5	-172.5	19130
20161122103728.360	54.346004	-117.239128	3.385	27.8	89.6	-175.6	13191
20161110155834.500	54.337394	-117.248649	3.263	4.4	83.9	174.0	8018
20161125043156.830	54.346806	-117.245801	3.226	19.5	79.7	-179.4	16395
20161112081547.660	54.337219	-117.243416	3.214	181.8	86.8	-178.0	8553
20161125012816.080	54.346794	-117.245825	3.226	22.5	78.8	178.8	16167
20161106062041.340	54.346472	-117.238672	3.442	24.6	88.0	177.2	6679
20161105174649.020	54.345463	-117.239518	3.366	25.0	85.6	178.5	5383
20161105150954.230	54.345866	-117.239168	3.379	24.1	85.2	178.5	4999
20161102225354.830	54.347164	-117.24554	3.229	15.1	61.8	170.3	1778
20161105171530.520	54.345256	-117.239705	3.359	27.5	88.9	-169.4	5318
20161027212617.470	54.355082	-117.236043	3.36	23.5	89.1	166.1	120
20161128022053.120	54.34307	-117.233724	3.264	19.8	85.2	175.6	19065
20161111185253.630	54.338733	-117.24318	3.224	1.9	85.7	179.7	8387
20161124210913.880	54.350163	-117.225456	3.308	199.6	82.3	-168.4	15936
20161122112708.280	54.346236	-117.238892	3.416	205.8	87.3	173.1	13334
20161123163923.420	54.349854	-117.225911	3.327	192.9	46.9	-179.6	15131
20161121013912.210	54.347786	-117.23951	3.328	23.6	88.8	178.4	10182
20161103112048.870	54.346867	-117.241667	3.329	25.5	88.0	176.8	2673
20161122125319.430	54.345056	-117.239917	3.357	29.9	87.0	178.1	13642
20161129110048.150	54.333142	-117.248861	3.21	212.2	59.2	178.3	20828
20161130101519.500	54.341646	-117.234578	3.267	200.7	80.0	-176.8	21907
20161103130734.330	54.347705	-117.241007	3.346	23.8	84.5	179.8	2948
20161124044136.750	54.352372	-117.226847	3.267	15.3	86.5	-179.4	15470
20161122093841.890	54.349951	-117.227262	3.319	180.4	29.4	152.8	13028
20161122221049.500	54.352234	-117.226839	3.278	190.3	84.6	180.0	14270
20161125042436.540	54.346338	-117.246232	3.275	205.4	88.8	-178.7	16382
20161103142232.110	54.347616	-117.241016	3.332	23.5	87.8	174.2	3180
20161121133415.810	54.351917	-117.227091	3.268	15.4	89.5	178.3	11138
20161128191053.250	54.342721	-117.24812	3.23	178.1	85.6	174.8	20070
20161130150824.110	54.341475	-117.234684	3.272	198.4	84.0	-177.2	22178
20161104205323.520	54.345154	-117.241292	3.348	22.2	86.8	-173.8	3766
20161103083255.470	54.347302	-117.2413	3.321	21.0	88.0	175.3	2270
20161106165048.360	54.346692	-117.238444	3.328	24.5	89.5	173.7	7023
20161125004003.350	54.34668	-117.24589	3.236	23.5	86.6	178.9	16078
20161118220351.500	54.349361	-117.236149	3.321	7.9	89.7	-172.4	9086
20161105190337.900	54.345365	-117.239591	3.35	205.3	82.8	169.7	5587
20161122110559.440	54.349772	-117.227246	3.317	192.8	41.4	164.2	13277
20161105190554.840	54.345699	-117.239372	3.41	25.7	89.3	179.3	5593
20161123202835.180	54.349479	-117.227083	3.3	204.9	28.6	176.9	15220
20161111082944.700	54.338151	-117.239323	3.246	207.7	86.9	167.8	8165
20161105183234.300	54.34563	-117.239421	3.379	22.3	89.3	-173.2	5508
20161111085322.540	54.338106	-117.239355	3.247	208.1	88.3	167.1	8169
20161105144152.420	54.34578	-117.239233	3.397	26.8	85.7	-169.0	4877
20161105181519.980	54.345422	-117.239535	3.381	24.9	86.5	-177.9	5464
20161115203034.020	54.333126	-117.242358	3.263	31.2	84.2	-173.4	8912
20161106023243.390	54.345422	-117.239575	3.377	26.1	88.1	-172.1	6363
20161125100201.500	54.346338	-117.24563	3.276	24.2	88.4	165.6	17035
20161110043113.080	54.338273	-117.243343	3.232	184.9	88.9	176.4	7856
20161106005557.610	54.344722	-117.240356	3.326	18.7	87.8	171.0	6260
20161104213140.400	54.347489	-117.239738	3.329	204.2	83.2	178.6	3833
20161123234412.240	54.352348	-117.225195	3.321	195.7	59.6	-165.8	15293
20161122190935.530	54.345557	-117.239404	3.376	26.8	87.2	-167.6	14145
20161105180025.950	54.345361	-117.23964	3.374	25.9	85.8	-178.5	5418
20161129152905.680	54.336495	-117.248755	3.19	339.5	85.8	158.6	21169
20161105212654.900	54.34541	-117.239575	3.358	201.3	70.2	173.6	5938
20161121061428.050	54.346871	-117.240259	3.321	205.4	75.7	175.1	10721
20161124042345.080	54.349609	-117.226937	3.301	191.6	38.8	172.7	15461
20161125114232.100	54.347925	-117.24502	3.247	192.0	82.9	175.3	17307
20161120225900.070	54.347196	-117.240023	3.316	204.0	87.8	-173.7	9929
20161105230208.200	54.34554	-117.239518	3.361	27.7	87.3	-170.4	6090
20161122094208.150	54.349296	-117.227572	3.32	193.4	47.6	-177.9	13043
20161124191616.450	54.3415	-117.248283	3.236	4.4	82.8	168.2	15904
20161105192707.410	54.346297	-117.238875	3.406	203.0	87.6	177.9	5650
20161028174456.920	54.353967	-117.237158	3.351	20.7	83.7	160.9	233
20161128012024.160	54.343486	-117.233455	3.247	198.9	87.8	-173.2	19014
20161124062316.960	54.349426	-117.227547	3.324	194.7	41.6	177.0	15541
20161123075759.420	54.344238	-117.240877	3.355	29.6	86.0	-176.7	14778
20161106074329.580	54.346785	-117.238379	3.346	207.5	89.4	174.0	6748
20161110095929.600	54.338566	-117.243294	3.249	3.0	88.3	-172.4	7924
20161105185027.990	54.345841	-117.239274	3.377	26.2	86.8	-169.2	5555
20161105153406.730	54.345361	-117.239559	3.372	25.8	85.5	-174.4	5061
20161121083329.480	54.34703	-117.240161	3.293	26.9	88.6	-178.8	10910
20161101162822.290	54.346647	-117.245939	3.231	22.7	84.0	171.9	1229
20161106085803.930	54.346871	-117.238249	3.333	31.0	85.8	168.7	6806
20161103121436.230	54.34755	-117.24113	3.35	23.5	88.0	178.4	2814
20161130111844.950	54.341471	-117.234757	3.238	204.0	89.7	178.2	21998
20161130131506.930	54.341374	-117.234855	3.238	25.8	80.3	-179.7	22092
20161129070950.890	54.340304	-117.248429	3.253	182.8	76.3	178.1	20613
20161124091153.770	54.349695	-117.227572	3.328	195.3	28.7	176.7	15650
20161120235127.500	54.347599	-117.239665	3.328	24.5	85.9	-174.9	10016
20161106023702.070	54.34471	-117.24034	3.328	201.4	70.1	173.6	6367
20161129110059.510	54.334347	-117.248901	3.219	15.4	88.8	-169.2	20829
20161123141029.470	54.349707	-117.225895	3.32	196.1	52.3	178.8	15067
20161111210030.690	54.338114	-117.239429	3.261	29.1	89.5	-173.0	8417
20161123140015.940	54.34998	-117.225789	3.314	176.0	19.5	134.1	15061
20161030030738.690	54.353825	-117.238688	3.362	204.2	88.0	-177.3	477
20161130141453.090	54.340885	-117.235148	3.249	200.3	83.4	158.0	22144
20161129005506.540	54.348743	-117.24493	3.274	10.2	80.9	175.7	20298
20161110100856.350	54.33846	-117.243294	3.229	181.2	84.5	165.8	7931
20161109131503.670	54.344869	-117.236971	3.273	26.4	87.6	-175.6	7706
20161103115921.080	54.347416	-117.241235	3.334	22.5	87.0	171.7	2773
20161123054115.520	54.35247	-117.225448	3.348	189.6	52.6	173.1	14669
20161122101914.610	54.345939	-117.239095	3.394	24.1	86.8	-169.6	13148
20161105203311.620	54.345166	-117.239787	3.373	26.7	88.2	-172.9	5814
20161130053046.020	54.3413	-117.234888	3.235	23.8	85.8	-169.1	21705
20161105175329.520	54.346143	-117.238949	3.402	26.5	85.4	-172.5	5401
20161124025344.800	54.349589	-117.226978	3.3	191.3	39.1	172.6	15399
20161128024911.650	54.343302	-117.233577	3.247	14.9	80.7	173.5	19088
20161129102635.550	54.340625	-117.247998	3.13	210.4	81.5	164.4	20745
20161111102702.850	54.337158	-117.243433	3.224	179.3	85.9	-179.3	8187
20161120120015.900	54.346969	-117.241642	3.329	207.0	89.0	175.0	9731
20161103080840.160	54.347217	-117.241382	3.332	21.9	87.9	-179.9	2209
20161125130120.800	54.346289	-117.245671	3.276	204.4	87.1	-179.0	17438
20161129211712.700	54.342631	-117.248291	3.234	183.0	82.9	170.0	21440
20161103083644.150	54.34742	-117.241227	3.329	18.4	77.9	178.9	2277
20161129074851.640	54.341573	-117.248299	3.208	184.5	89.1	-175.8	20634
20161110095206.300	54.337944	-117.243327	3.26	183.9	88.6	179.5	7922
20161123142729.700	54.349691	-117.226921	3.31	193.8	43.6	176.3	15077
20161103132642.580	54.34786	-117.240747	3.305	207.3	87.4	177.8	3001
20161123022854.240	54.349495	-117.227116	3.307	192.6	40.7	175.2	14498
20161106023326.680	54.346545	-117.238639	3.358	22.0	86.8	-180.0	6365
20161106152422.550	54.346667	-117.23846	3.363	24.1	86.8	-175.2	6983
20161101012256.070	54.348519	-117.243433	3.272	214.8	84.2	175.5	709
20161123103723.210	54.344938	-117.240202	3.323	200.4	69.8	-176.2	14928
20161122052448.100	54.346842	-117.238338	3.352	29.6	88.4	-175.4	12158
20161127154235.740	54.34303	-117.248128	3.257	178.4	85.8	174.2	18700
20161128115317.510	54.338871	-117.243237	3.216	179.8	83.8	-179.4	19714
20161111173752.930	54.33562	-117.248804	3.278	360.0	88.3	176.4	8360
20161123160332.520	54.352201	-117.226969	3.279	12.6	84.7	179.6	15116
20161105173256.230	54.344674	-117.240617	3.363	23.7	88.3	175.0	5348
20161122220343.620	54.349862	-117.227002	3.305	189.5	36.4	167.8	14260
20161103091713.250	54.347599	-117.241048	3.324	23.2	87.3	177.1	2363
20161103134411.450	54.347546	-117.241056	3.34	24.8	88.9	-178.7	3053
20161102001452.850	54.346875	-117.245768	3.227	203.3	88.8	174.4	1437
20161105092510.930	54.344836	-117.240405	3.367	28.5	84.6	177.9	4451
20161125032628.440	54.34471	-117.247949	3.255	12.2	87.7	168.7	16320
20161122055339.330	54.346716	-117.238436	3.346	26.6	84.6	179.1	12270
20161129005529.060	54.340828	-117.248364	3.25	2.4	87.5	179.8	20301
20161121090313.040	54.347961	-117.239388	3.328	208.2	87.7	173.4	10945
20161129144648.770	54.341711	-117.234456	3.261	205.1	90.0	-179.3	21130
20161113163614.600	54.33739	-117.243424	3.213	183.0	88.2	-179.6	8749
20161129101525.630	54.337606	-117.248543	3.265	182.3	81.7	-178.6	20711
20161101090524.190	54.347172	-117.245605	3.221	20.9	84.4	-179.4	824
20161105194033.380	54.346033	-117.239071	3.405	24.3	84.5	-172.0	5689
20161128020658.620	54.343168	-117.233651	3.269	201.1	87.1	-178.1	19056
20161123133046.600	54.35249	-117.225326	3.342	188.0	49.4	173.3	15053
20161122093429.580	54.345959	-117.239103	3.39	26.4	88.2	-173.6	13015
20161110210054.750	54.336056	-117.248763	3.281	179.9	84.7	174.6	8075
20161124230119.460	54.349915	-117.225659	3.31	199.3	83.6	-171.4	15967
20161109141809.100	54.337858	-117.248576	3.243	185.0	83.4	-179.8	7715
20161123234852.890	54.352364	-117.226872	3.258	193.1	85.9	-180.0	15299
20161115103833.320	54.332926	-117.242611	3.269	30.9	85.9	-174.4	8873
20161122012709.010	54.345471	-117.241048	3.325	205.3	89.9	173.2	11546
20161101173131.280	54.346814	-117.24585	3.222	17.7	72.5	169.7	1266
20161125015402.490	54.346281	-117.246281	3.273	25.2	85.5	177.3	16205
20161106042857.930	54.346903	-117.238273	3.342	26.0	84.9	-173.6	6557
20161106235928.570	54.346729	-117.238509	3.387	205.5	82.9	176.7	7205
20161101102831.170	54.346936	-117.245711	3.209	20.2	63.7	165.4	867
20161112163540.500	54.334033	-117.248958	3.285	181.7	82.2	170.7	8636
20161114022425.120	54.338228	-117.248535	3.227	183.6	86.7	178.3	8756
20161103015314.290	54.348047	-117.240576	3.329	23.9	84.3	178.2	1903
20161128065041.590	54.343075	-117.233667	3.245	196.0	81.7	-173.6	19461
20161127145923.480	54.345736	-117.245296	3.242	183.5	89.7	-175.3	18673
20161103133506.410	54.347864	-117.240747	3.305	204.3	86.8	-179.3	3024
20161101013620.740	54.348385	-117.243587	3.266	215.8	87.4	-173.3	713
20161127235004.330	54.343298	-117.233569	3.258	21.8	74.1	167.7	18917
20161122050648.030	54.346741	-117.238411	3.395	207.3	79.4	-177.8	12085
20161121050001.770	54.34683	-117.240316	3.327	22.4	88.4	177.6	10583
20161106040118.470	54.346594	-117.238607	3.45	21.7	89.5	176.9	6503
20161128113549.240	54.340987	-117.248324	3.263	182.8	75.4	176.8	19697
20161120111820.100	54.346806	-117.241707	3.327	205.2	88.7	-177.0	9714
20161122110849.140	54.345894	-117.239185	3.457	207.8	75.1	178.4	13291
20161122035625.230	54.346895	-117.238322	3.447	24.9	85.8	-177.6	11771
20161115132811.080	54.338643	-117.243278	3.224	180.8	85.4	178.6	8886
20161124094035.410	54.350822	-117.225513	3.316	204.3	78.2	-170.2	15669
20161130025420.140	54.340019	-117.248478	3.174	163.7	86.6	-168.0	21591
20161101130029.840	54.346928	-117.245768	3.217	16.8	66.2	171.1	981
20161105200904.250	54.345194	-117.239771	3.36	27.7	86.0	-175.5	5757
20161125061651.790	54.346798	-117.24585	3.227	23.4	76.3	172.6	16606
20161101190115.170	54.346842	-117.245939	3.281	24.0	89.9	174.7	1304
20161125094529.250	54.346248	-117.245744	3.276	207.6	84.5	168.6	16965
20161103040525.600	54.347868	-117.240755	3.322	25.5	85.0	-179.5	2031
20161116070807.020	54.333162	-117.242318	3.274	32.7	87.1	-175.2	8938
20161129142011.940	54.341699	-117.234481	3.265	202.4	85.8	-174.9	21108
20161105203815.420	54.34574	-117.239233	3.386	208.8	87.5	172.3	5827
20161122114634.240	54.349809	-117.227515	3.33	184.8	33.2	159.1	13405
20161110023757.690	54.335653	-117.24882	3.28	178.5	77.8	177.5	7812
20161105205800.440	54.345988	-117.238989	3.397	200.8	85.2	174.0	5878
20161124105451.940	54.349764	-117.226994	3.301	192.3	39.2	176.0	15701
20161105213245.230	54.345394	-117.239526	3.38	24.8	87.1	-173.5	5956
20161129041247.820	54.34056	-117.248429	3.204	179.4	87.9	-179.1	20449
20161103073206.830	54.34788	-117.240771	3.313	27.7	85.6	-176.4	2173
20161129115554.840	54.340564	-117.248079	3.133	211.0	83.1	177.6	20915
20161125105810.880	54.347974	-117.245044	3.28	184.3	87.5	179.1	17208
20161103124745.820	54.346684	-117.241805	3.327	26.5	89.1	178.2	2904
20161105164642.920	54.345182	-117.239803	3.359	26.3	87.8	179.5	5261
20161122144004.330	54.345186	-117.239762	3.364	208.3	89.5	173.0	13878
20161130083602.530	54.340873	-117.247721	3.136	210.5	81.6	171.5	21851
20161101212206.660	54.346851	-117.245801	3.227	19.8	83.7	171.2	1360
20161126115308.720	54.350639	-117.225496	3.303	205.4	63.7	-161.5	17999
20161122234344.200	54.345565	-117.239429	3.376	27.6	86.5	-174.8	14336
20161125113917.530	54.347913	-117.245011	3.247	7.5	89.8	-174.9	17297
20161129081517.220	54.338916	-117.243237	3.227	182.8	85.3	178.9	20653
20161106001308.230	54.345211	-117.238965	3.463	24.3	88.1	-173.1	6189
20161126042630.000	54.345886	-117.24528	3.25	8.5	89.3	171.3	17843
20161122104950.210	54.346012	-117.23903	3.406	23.7	88.7	-171.8	13233
20161105050219.890	54.34517	-117.241309	3.34	203.6	87.9	174.4	4192
20161122065313.660	54.346427	-117.238737	3.431	25.7	84.5	-177.1	12496
20161130022328.510	54.341235	-117.234863	3.266	207.0	88.9	176.8	21577
20161124115702.290	54.35472	-117.238005	3.353	202.6	88.2	-171.4	15738
20161125212933.680	54.34589	-117.245361	3.245	359.1	84.0	173.4	17695
20161128003158.920	54.342655	-117.248161	3.254	185.9	81.7	173.1	18952
20161130125651.540	54.341455	-117.234684	3.255	205.4	87.2	177.1	22079
20161124164201.440	54.349093	-117.226237	3.32	192.9	46.9	178.2	15856
20161103135951.550	54.347904	-117.240723	3.302	28.8	85.5	175.8	3106
20161125063913.650	54.347355	-117.245435	3.224	18.7	82.5	179.4	16648
20161125043941.070	54.346334	-117.246224	3.276	206.7	87.7	173.5	16408
20161123044732.940	54.352511	-117.226766	3.273	196.8	86.8	-173.9	14613
20161115033349.830	54.333162	-117.242285	3.256	34.0	88.9	177.1	8836
20161128100152.710	54.34126	-117.248348	3.252	5.7	88.0	172.1	19626
20161106093224.310	54.346326	-117.238786	3.415	207.5	89.8	-177.3	6821
20161123123200.960	54.349284	-117.227344	3.306	204.1	47.6	-173.3	15021
20161105133556.590	54.344413	-117.240747	3.361	23.9	89.9	-177.4	4707
20161129110639.930	54.340633	-117.247982	3.147	210.2	80.6	162.7	20839
20161122134255.630	54.345581	-117.234131	3.223	192.0	85.2	173.2	13775
20161121055956.030	54.347087	-117.240129	3.307	204.9	89.9	176.8	10693
20161125111734.670	54.35092	-117.225399	3.313	205.7	53.7	-171.9	17259
20161124053537.160	54.350057	-117.225602	3.31	197.1	85.3	-174.0	15498
20161130111614.010	54.341711	-117.234481	3.249	212.4	87.9	-180.0	21990
20161106180431.030	54.346826	-117.238338	3.356	27.2	88.8	-179.4	7068
20161120124239.800	54.347363	-117.241211	3.338	206.7	87.6	179.7	9744
20161122135056.310	54.34624	-117.238883	3.414	23.0	88.2	-178.7	13794
20161128092927.520	54.341557	-117.248299	3.187	191.1	83.9	172.2	19607
20161130132110.760	54.341097	-117.234977	3.25	204.6	86.2	177.4	22096
20161111140106.970	54.337805	-117.239665	3.251	27.4	86.1	-177.4	8278
20161105112908.170	54.344625	-117.240617	3.349	26.5	87.5	-173.4	4558
20161127192431.740	54.343331	-117.248161	3.275	359.5	89.3	-177.5	18765
20161101124334.270	54.34679	-117.245882	3.217	19.0	78.8	170.8	961
20161121101822.710	54.347168	-117.240072	3.293	206.3	89.7	174.4	11007
20161105204849.780	54.346261	-117.238835	3.392	22.6	87.6	179.5	5855
20161124024204.670	54.350313	-117.227018	3.316	199.5	48.8	-177.5	15395
20161129104724.240	54.340198	-117.248405	3.14	23.7	89.2	-178.5	20806
20161120102758.350	54.347937	-117.240715	3.334	205.6	87.7	175.3	9687
20161122120843.620	54.345955	-117.239152	3.399	207.2	88.9	-177.9	13485
20161106064746.600	54.346749	-117.238403	3.347	26.6	87.0	-172.1	6703
20161129225143.270	54.342643	-117.248193	3.235	3.7	84.7	-176.5	21489
20161125214618.900	54.345907	-117.245312	3.24	185.5	85.9	178.0	17703
20161123090627.800	54.344344	-117.240039	3.364	190.1	89.6	-172.8	14846
20161122054432.460	54.346468	-117.238696	3.439	26.4	87.1	-175.5	12238
20161128104735.240	54.352515	-117.226823	3.277	195.7	87.4	-174.2	19649
20161115173304.670	54.338725	-117.243286	3.216	183.8	89.1	174.1	8906
20161111150658.240	54.337252	-117.243441	3.233	181.8	87.1	177.9	8300
20161106043514.200	54.346692	-117.238485	3.355	22.0	86.8	-180.0	6565
20161120104739.050	54.346981	-117.241626	3.351	205.0	88.2	177.1	9699
20161129021019.860	54.343518	-117.233398	3.266	200.6	84.4	-178.3	20353
20161122125019.320	54.348104	-117.236825	3.426	189.2	85.8	178.7	13632
20161103133110.360	54.347632	-117.241048	3.324	24.2	88.4	178.8	3012
20161121010820.070	54.347758	-117.239535	3.328	26.0	89.6	177.8	10120
20161125015137.350	54.346655	-117.245915	3.236	23.7	83.3	-179.2	16201
20161125080502.060	54.346651	-117.245947	3.237	23.9	85.6	179.9	16776
20161101001300.180	54.348413	-117.243587	3.272	214.2	87.1	-178.8	674
20161103102210.280	54.347864	-117.240739	3.31	207.1	90.0	-173.7	2537
20161103010828.100	54.348417	-117.240226	3.33	203.6	89.6	-173.3	1831
20161122042043.760	54.346611	-117.238615	3.451	27.1	85.6	-172.9	11863
20161105213022.500	54.346041	-117.239054	3.393	25.2	88.9	-169.5	5946
20161105140714.400	54.345772	-117.240438	3.203	26.1	88.2	-171.1	4754
20161128123822.230	54.341187	-117.239933	3.06	28.5	88.7	-171.8	19756
20161103133931.530	54.347624	-117.241048	3.323	24.8	89.7	179.2	3043
20161103090235.240	54.347428	-117.241235	3.33	24.3	88.3	179.5	2333
20161103123601.140	54.346696	-117.241797	3.32	204.3	90.0	-169.2	2874
20161111183936.790	54.338704	-117.243335	3.234	180.2	86.0	177.3	8383
20161110030629.440	54.33772	-117.243368	3.235	183.8	83.1	-178.6	7823
20161130052459.200	54.341386	-117.234839	3.231	32.5	78.0	-158.4	21702
20161105142521.880	54.345561	-117.239396	3.383	21.9	85.9	178.8	4816
20161130133613.190	54.341349	-117.234888	3.229	22.4	76.0	-177.1	22113
20161123041421.770	54.350342	-117.227067	3.322	198.8	38.9	178.1	14591
20161122095855.640	54.349483	-117.227474	3.314	194.3	35.6	167.7	13096
20161122000943.360	54.35186	-117.225391	3.319	194.8	53.8	177.1	11452
20161123194545.770	54.349662	-117.227002	3.322	195.4	37.6	176.6	15203
20161130073042.640	54.341361	-117.234823	3.238	26.3	73.8	-179.1	21812
20161106015218.370	54.346586	-117.238599	3.45	23.0	88.1	-179.4	6317
20161105205957.760	54.345231	-117.241268	3.339	202.8	87.2	171.0	5884
20161105191130.740	54.345972	-117.239006	3.377	26.4	87.2	-177.2	5606
20161110022313.620	54.341207	-117.239917	3.051	12.1	83.2	171.9	7807
20161122223346.220	54.346195	-117.238965	3.397	24.0	88.2	-176.5	14282
20161130005651.170	54.343599	-117.233398	3.25	20.1	78.5	175.0	21535
20161130111102.220	54.34126	-117.234855	3.269	204.9	86.5	177.8	21981
20161128091535.870	54.346139	-117.245256	3.242	2.9	80.0	174.8	19598
20161125140119.510	54.346383	-117.245646	3.276	22.8	89.1	175.5	17511
20161122132151.650	54.345369	-117.239583	3.373	24.2	86.8	-175.3	13712
20161103051138.700	54.347913	-117.240682	3.325	24.1	87.4	178.9	2087
20161123053630.990	54.352144	-117.225431	3.332	187.0	55.3	178.6	14660
20161101015813.240	54.348515	-117.243465	3.27	215.0	87.4	176.6	722
20161121031509.540	54.347782	-117.239526	3.329	26.0	88.9	176.9	10370
20161120041345.330	54.338757	-117.24327	3.212	178.6	84.0	178.6	9525
20161103133919.970	54.347587	-117.241056	3.318	24.3	86.8	-179.3	3040
20161121012501.980	54.347034	-117.240137	3.331	24.8	88.8	171.9	10157
20161123221347.270	54.352454	-117.226912	3.268	192.6	87.0	-174.4	15250
20161103062251.360	54.3479	-117.240739	3.313	25.4	79.4	179.6	2129
20161125061252.880	54.34635	-117.246216	3.283	23.5	87.3	177.1	16596
20161122102728.980	54.349414	-117.227376	3.308	199.7	42.3	-175.9	13167
20161125105344.680	54.346415	-117.245581	3.256	21.6	89.2	178.0	17192
20161123175808.690	54.349638	-117.226937	3.296	197.5	35.1	179.9	15166
20161122085320.650	54.35009	-117.227197	3.323	190.6	39.5	168.7	12899
20161128024358.510	54.343115	-117.233716	3.245	196.2	87.5	-178.7	19084
20161122040009.430	54.346769	-117.23846	3.391	209.4	82.2	-179.0	11784
20161121112333.660	54.347119	-117.24008	3.291	202.1	86.4	175.4	11057
20161105154459.570	54.345614	-117.239372	3.374	25.4	87.8	-178.9	5095
20161107033603.760	54.346753	-117.238452	3.361	26.3	89.7	178.0	7249
20161122034151.430	54.346737	-117.238477	3.461	204.4	80.8	-176.7	11715
20161123071844.750	54.341479	-117.248315	3.247	0.6	89.2	174.0	14739
20161103113425.260	54.347632	-117.241032	3.324	20.0	86.9	177.1	2709
20161103161118.370	54.347449	-117.241203	3.332	22.9	86.2	-178.7	3322
20161112152658.690	54.333854	-117.248991	3.286	183.8	85.5	-178.6	8618
20161121024425.900	54.351656	-117.227222	3.274	202.6	88.0	-179.2	10309
20161123140610.900	54.349235	-117.227596	3.32	197.3	38.9	-179.6	15062
20161127031407.800	54.344596	-117.247982	3.233	2.0	87.3	176.1	18204
20161122044352.870	54.346887	-117.238306	3.344	31.0	87.6	179.5	11966
20161103125922.820	54.346737	-117.24174	3.331	26.2	88.7	172.3	2925
20161124005529.920	54.349654	-117.22701	3.307	191.8	37.9	175.5	15334
20161108053021.830	54.338057	-117.248551	3.245	181.3	83.9	177.3	7576
20161105192952.260	54.346041	-117.239103	3.395	25.9	87.4	-177.4	5658
20161111113910.600	54.337109	-117.243449	3.231	188.0	89.5	179.4	8208
20161106162905.630	54.346582	-117.23859	3.359	24.9	85.0	-172.7	7012
20161129042242.780	54.344023	-117.248055	3.227	356.0	86.3	-179.0	20459
20161128151047.390	54.341284	-117.248381	3.187	178.1	86.9	-179.3	19957
20161122052309.950	54.346501	-117.238656	3.409	208.9	87.0	179.7	12151
20161122143707.770	54.346037	-117.239054	3.393	205.0	82.0	-177.0	13875
20161105213155.170	54.344718	-117.240381	3.329	196.6	76.3	-176.1	5953
20161103100311.380	54.347001	-117.241577	3.325	23.4	88.1	173.8	2489
20161122141605.480	54.350094	-117.227344	3.329	189.1	38.0	167.0	13848
20161105150811.730	54.345577	-117.239412	3.363	26.2	85.9	-176.5	4992
20161120235704.410	54.347705	-117.239575	3.329	26.7	88.7	179.2	10023
20161123063015.540	54.345186	-117.23973	3.358	210.1	89.1	179.1	14709
20161123113049.010	54.344507	-117.240698	3.348	22.9	87.8	-176.3	14962
20161105210827.310	54.344629	-117.240495	3.329	198.6	72.4	-175.1	5903
20161029132448.060	54.353943	-117.237199	3.351	205.0	85.2	-168.7	369
20161120223256.250	54.347164	-117.24008	3.314	205.0	80.2	-177.1	9879
20161111190623.820	54.337801	-117.239583	3.255	29.0	89.8	-174.8	8390
20161128032515.600	54.341638	-117.248242	3.225	184.6	79.1	178.7	19158
20161128000109.440	54.343095	-117.2337	3.268	200.7	72.9	172.1	18925
20161121031908.830	54.347229	-117.240039	3.306	193.8	83.2	-177.5	10383
20161125095253.350	54.346277	-117.245695	3.276	201.4	89.5	179.5	16997
20161105160710.610	54.346041	-117.239054	3.413	21.7	86.9	-178.7	5169
20161127232348.360	54.343197	-117.233618	3.243	16.8	87.8	176.7	18890
20161029232902.960	54.353898	-117.238688	3.338	26.8	79.7	167.6	457
20161122120049.740	54.34989	-117.227498	3.331	189.4	37.5	167.2	13469
20161125211953.610	54.347953	-117.244995	3.25	173.1	85.4	164.0	17690
20161122113435.100	54.345886	-117.239176	3.384	207.1	82.6	169.1	13364
20161121052328.450	54.347095	-117.240112	3.287	21.1	84.0	178.9	10632
20161113155457.840	54.333875	-117.248975	3.282	182.1	90.0	-178.3	8746
20161123041852.840	54.345138	-117.239779	3.368	27.7	84.4	-173.3	14599
20161105160706.470	54.345931	-117.239136	3.394	207.2	88.0	178.2	5168
20161126105149.260	54.343746	-117.248047	3.225	4.7	70.0	174.3	17983
20161103130736.890	54.347493	-117.241146	3.331	205.6	88.4	-180.0	2949
20161121044239.390	54.347388	-117.239795	3.287	189.3	75.7	168.3	10544
20161103020146.560	54.348051	-117.240592	3.32	25.9	87.7	-178.8	1917
20161109061449.980	54.337179	-117.248633	3.267	182.5	86.7	-179.3	7686
20161122045135.920	54.346716	-117.238411	3.333	209.7	82.4	175.1	12004
20161109225625.100	54.335592	-117.248812	3.288	181.7	83.3	178.9	7774
20161106124851.140	54.346842	-117.238298	3.333	212.3	84.4	179.7	6909
20161122054634.590	54.347201	-117.238062	3.425	206.3	84.1	171.1	12245
20161126062750.960	54.343778	-117.248071	3.227	5.8	81.6	166.3	17877
20161106012256.500	54.346586	-117.238566	3.366	20.0	83.8	176.3	6289
20161128085900.300	54.341406	-117.248291	3.257	184.6	89.2	175.8	19588
20161101150129.670	54.346765	-117.245866	3.22	18.8	79.7	171.2	1158
20161101222937.580	54.347091	-117.245614	3.209	18.2	77.0	179.3	1397
20161031025432.920	54.353988	-117.238542	3.363	24.4	85.9	172.3	599
20161103133729.540	54.347367	-117.241252	3.337	204.6	85.1	-179.8	3031
20161106072835.570	54.346716	-117.238436	3.344	23.3	85.9	-173.2	6738
20161101005529.930	54.348523	-117.243457	3.271	214.1	89.2	177.0	698
20161125115844.610	54.346318	-117.245622	3.276	25.3	89.5	171.1	17345
20161103044845.940	54.347933	-117.240658	3.33	25.8	88.2	-171.4	2067
20161122135412.520	54.345577	-117.239396	3.39	26.4	88.9	179.3	13804
20161122081455.510	54.346362	-117.238794	3.418	24.8	88.5	-172.7	12778
20161121084056.570	54.346781	-117.240397	3.338	207.7	85.3	172.5	10919
20161125031101.710	54.352352	-117.226847	3.259	196.2	87.9	-174.9	16300
20161122043437.900	54.346558	-117.238615	3.425	206.3	87.7	178.5	11923
20161106004251.100	54.34644	-117.238713	3.441	23.0	88.1	-179.4	6237
20161128040857.670	54.34161	-117.248299	3.222	181.3	83.1	-177.6	19221
20161122120956.630	54.349923	-117.227393	3.331	189.1	38.0	167.0	13490
20161112154734.710	54.333732	-117.248983	3.284	180.1	84.6	174.7	8631
20161111100849.080	54.338118	-117.239315	3.249	209.1	87.1	162.5	8184
20161125063604.510	54.347201	-117.245557	3.204	8.5	79.6	172.5	16644
20161109022420.310	54.337048	-117.248641	3.271	3.2	89.4	-174.1	7670
20161121080338.100	54.347009	-117.240194	3.294	23.1	88.3	172.5	10881
20161125103404.830	54.34624	-117.246012	3.446	24.5	88.9	-179.8	17142
20161105181902.550	54.34456	-117.240609	3.348	23.7	87.6	-177.6	5472
20161105103332.480	54.344722	-117.240511	3.356	27.6	87.6	-178.9	4505
20161103083624.370	54.347363	-117.24126	3.321	22.1	80.4	-179.9	2276
20161103025309.600	54.34801	-117.240617	3.334	24.7	88.7	-172.0	1973
20161103022948.720	54.348022	-117.240625	3.32	21.9	88.9	-174.5	1948
20161125062552.750	54.345219	-117.247795	3.255	132.4	68.6	167.0	16628
20161124030727.390	54.351388	-117.224984	3.303	199.0	85.4	-171.9	15409
20161103054716.390	54.347872	-117.240723	3.325	24.4	81.0	-179.9	2108
20161124025200.800	54.350041	-117.225627	3.307	197.5	83.9	178.5	15397
20161105185957.960	54.345223	-117.23973	3.369	212.0	87.6	170.0	5579
20161122130142.640	54.346606	-117.238599	3.452	205.2	88.5	177.3	13665
20161106005215.220	54.346558	-117.238582	3.351	25.0	84.6	176.1	6252
20161120020555.830	54.353886	-117.234098	3.312	203.0	84.0	-176.6	9506
20161121081837.050	54.346847	-117.240316	3.313	203.1	85.5	172.7	10895
20161121053149.840	54.347091	-117.24012	3.287	20.3	85.0	173.8	10645
20161129232719.800	54.341504	-117.234725	3.263	26.1	82.5	-168.2	21501
20161105032250.960	54.347498	-117.239787	3.325	205.7	88.0	176.4	4149
20161124034943.190	54.349764	-117.226904	3.304	190.9	40.3	171.0	15441
20161129040404.320	54.341463	-117.248307	3.192	183.1	78.5	178.2	20442
20161122095100.880	54.349377	-117.227547	3.321	193.1	42.4	179.2	13071
20161121043728.220	54.346989	-117.24021	3.295	21.8	88.3	-176.0	10538
20161121215130.280	54.3389	-117.243188	3.234	355.7	70.4	165.9	11315
20161105084118.630	54.344922	-117.240324	3.369	27.1	88.6	178.4	4396
20161105161550.930	54.34554	-117.239478	3.387	24.0	87.2	-176.2	5187
20161122084609.250	54.350085	-117.227157	3.319	173.6	13.2	136.8	12875
20161105162708.490	54.345752	-117.239282	3.378	24.7	85.0	-173.9	5217
20161103123031.880	54.346692	-117.241813	3.322	206.7	88.8	179.5	2856
20161121021628.770	54.347746	-117.239551	3.327	205.0	89.9	-179.6	10263
20161110190839.690	54.337118	-117.243416	3.264	187.3	88.4	178.0	8062
20161103133047.140	54.347705	-117.240942	3.33	22.2	89.6	176.4	3008
20161106021351.240	54.346594	-117.238599	3.442	24.7	87.3	-172.6	6341
20161122103806.770	54.34622	-117.2389	3.396	202.4	83.9	174.3	13194
20161103102022.680	54.346956	-117.241593	3.329	206.8	89.8	-178.0	2534
20161102122240.140	54.346798	-117.245866	3.212	18.7	71.6	173.6	1640
20161128122156.190	54.343424	-117.233496	3.242	17.5	86.8	179.9	19738
20161104224322.470	54.345186	-117.241317	3.338	25.5	86.7	-177.4	3919
20161128004020.440	54.343132	-117.233675	3.27	200.9	88.2	-173.6	18959
20161121062217.100	54.347103	-117.240055	3.301	203.4	88.6	175.5	10731
20161105172826.880	54.34561	-117.239364	3.337	207.0	89.0	-177.4	5342
20161125100716.550	54.346244	-117.245744	3.277	22.7	83.0	167.5	17056
20161107142225.840	54.346867	-117.238363	3.451	28.1	89.4	-175.8	7412
20161129002023.140	54.340951	-117.24834	3.248	183.2	81.8	176.0	20266
20161106154955.940	54.346814	-117.238395	3.348	26.4	88.8	-178.3	6993
20161122064836.880	54.346183	-117.238924	3.414	202.2	89.8	170.6	12486
20161103094232.520	54.346985	-117.241618	3.329	26.8	88.1	179.8	2417
20161101055907.840	54.348153	-117.243888	3.259	218.1	89.0	177.6	771
20161129141432.040	54.341732	-117.234481	3.267	24.1	89.0	179.8	21096
20161103042817.710	54.347925	-117.240674	3.327	24.4	88.3	180.0	2050
20161103053101.670	54.347925	-117.240723	3.317	26.5	86.9	169.9	2099
20161123061900.740	54.350317	-117.227035	3.323	196.2	42.5	-179.5	14701
20161125045015.000	54.346334	-117.24624	3.276	28.5	87.5	177.6	16438
20161103112813.750	54.346794	-117.241691	3.328	24.3	88.4	-172.6	2690
20161129212425.800	54.341357	-117.234774	3.247	26.0	86.2	-168.4	21446
20161110103906.110	54.338464	-117.243286	3.239	182.5	86.7	173.8	7937
20161120085138.060	54.34716	-117.241431	3.332	23.7	89.4	177.0	9603
20161108213326.020	54.337496	-117.248633	3.273	184.3	89.8	176.6	7649
20161122122725.890	54.346391	-117.238745	3.43	205.7	85.6	175.6	13559
20161122054314.180	54.346513	-117.238639	3.442	205.8	88.1	173.1	12227
20161124181019.500	54.34965	-117.227458	3.326	191.1	32.8	172.9	15885
20161125101253.300	54.346293	-117.245662	3.269	19.7	86.6	171.3	17082
20161104134921.670	54.347563	-117.239705	3.324	26.8	88.0	-174.5	3582
20161122124343.390	54.345654	-117.239347	3.385	25.6	87.6	-174.3	13614
20161122121023.500	54.345837	-117.239209	3.398	25.3	87.0	-175.5	13492
20161122064819.460	54.346659	-117.238485	3.354	206.3	87.9	172.2	12484
20161115023008.040	54.333097	-117.242383	3.257	29.8	88.1	-171.1	8831
20161130120059.130	54.341317	-117.234896	3.238	202.4	87.7	174.9	22043
20161102162511.780	54.346948	-117.245719	3.209	23.4	75.7	174.3	1683
20161109154001.360	54.338253	-117.248551	3.233	182.2	85.0	178.5	7723
20161104220212.510	54.344995	-117.241414	3.326	21.2	87.9	178.7	3870
20161122190931.900	54.345719	-117.239282	3.385	28.0	89.3	-163.7	14144
20161128004116.350	54.343184	-117.233659	3.248	196.5	89.4	-177.0	18962
20161122230140.090	54.349866	-117.225846	3.329	189.5	54.5	-179.2	14300
20161028210116.440	54.35391	-117.237183	3.358	22.7	79.0	153.2	261
20161126071552.790	54.349679	-117.22701	3.324	198.5	37.4	178.8	17903
20161105202221.890	54.345475	-117.239567	3.397	25.5	87.6	-178.6	5794
20161105214329.360	54.34578	-117.239201	3.388	206.0	84.3	174.5	5976
20161125191554.040	54.352295	-117.225277	3.323	193.9	66.7	-174.3	17665
20161121105454.350	54.34681	-117.240316	3.332	201.7	86.1	179.1	11041
20161130153536.540	54.341256	-117.234814	3.269	204.1	88.4	178.2	22200
20161105213551.030	54.345829	-117.239201	3.387	24.1	87.2	-170.4	5959
20161121054642.690	54.347111	-117.240104	3.289	21.2	84.2	174.2	10674
20161121000509.760	54.347705	-117.239583	3.325	24.8	81.7	178.8	10035
20161028222118.700	54.353642	-117.238835	3.357	22.1	87.2	177.6	269
20161125050956.800	54.34635	-117.246216	3.278	205.5	85.4	-179.2	16480
20161121033205.280	54.346985	-117.240161	3.328	25.6	88.5	-174.2	10406
20161121003849.940	54.347754	-117.239543	3.328	24.8	82.7	-178.2	10082
20161121051418.590	54.347013	-117.240202	3.29	20.1	83.7	177.0	10616
20161122103819.870	54.346574	-117.238599	3.44	25.7	88.9	-170.4	13195
20161121104650.880	54.347144	-117.240104	3.293	204.6	81.7	170.4	11032
20161127234308.820	54.343201	-117.233691	3.274	203.2	87.0	169.0	18912
20161125130328.520	54.347949	-117.245003	3.261	182.0	86.6	-179.5	17440
20161110161120.960	54.337378	-117.243457	3.274	189.5	85.8	179.6	8023
20161105132216.190	54.344364	-117.240828	3.346	208.3	82.7	177.0	4687
20161107094408.910	54.338228	-117.248568	3.261	181.1	84.1	170.3	7323
20161130004322.490	54.341443	-117.234717	3.261	20.8	72.7	174.5	21526
20161121073921.060	54.347876	-117.239437	3.328	25.9	88.9	-179.6	10857
20161125103852.740	54.346257	-117.245679	3.274	24.5	88.1	174.2	17151
20161122040938.590	54.352039	-117.227026	3.272	12.0	89.8	170.7	11823
20161121072252.610	54.347017	-117.240202	3.294	24.1	88.5	178.6	10832
20161130063502.680	54.341325	-117.234863	3.239	26.3	73.8	-179.1	21764
20161123045607.360	54.349137	-117.227677	3.325	207.0	21.7	-177.4	14620
20161122044112.380	54.346216	-117.238908	3.405	24.7	89.6	-174.8	11953
20161122035446.780	54.346724	-117.238436	3.397	23.7	89.8	-170.1	11764
20161123035159.920	54.344348	-117.24082	3.34	29.8	85.4	-167.6	14566
20161122105429.580	54.346362	-117.238778	3.421	206.3	89.9	170.6	13253
20161103074348.120	54.347888	-117.240747	3.306	25.3	82.1	-179.4	2182
20161129104642.380	54.340365	-117.248218	3.131	205.3	87.4	161.3	20804
20161123003447.120	54.341512	-117.248299	3.243	185.0	89.0	-169.6	14380
20161128075257.620	54.343144	-117.245231	3.643	44.1	89.4	90.2	19529
20161101013211.230	54.348462	-117.243522	3.273	213.5	89.0	179.1	711
20161105214029.880	54.344556	-117.240519	3.326	199.0	88.9	-172.0	5972
20161128100225.860	54.34281	-117.248169	3.228	181.5	78.8	175.9	19627
20161031020042.930	54.354061	-117.238485	3.354	208.8	87.9	-171.7	586
20161101222927.170	54.346948	-117.245719	3.214	18.1	70.6	171.3	1396
20161105194456.870	54.345174	-117.239771	3.365	25.8	84.8	-175.0	5699
20161104224732.420	54.345369	-117.241089	3.325	26.6	87.6	-173.7	3922
20161129112243.900	54.332027	-117.249284	3.221	26.3	82.3	175.8	20865
20161121075553.060	54.351872	-117.227083	3.27	16.7	89.4	178.3	10876
20161128044639.780	54.341618	-117.248291	3.232	192.5	85.1	177.6	19306
20161122083102.790	54.350134	-117.227165	3.323	191.7	39.9	176.1	12841
20161122080321.460	54.346012	-117.239054	3.401	28.1	88.5	174.9	12743
20161101045429.740	54.348311	-117.243709	3.264	215.0	88.6	177.5	757
20161124122256.080	54.349569	-117.22749	3.335	191.3	35.9	176.9	15749
20161103022035.590	54.346346	-117.246208	3.272	208.7	88.9	178.3	1937
20161111080939.410	54.338135	-117.239323	3.248	31.3	89.9	-162.4	8157
20161103013827.320	54.348376	-117.240373	3.315	19.5	87.7	-175.3	1878
20161120095837.330	54.347201	-117.241439	3.362	204.4	85.7	-177.3	9666
20161104210244.490	54.345125	-117.241317	3.353	24.4	86.8	-170.8	3781
20161106083531.350	54.346944	-117.238224	3.343	27.4	86.8	175.6	6788
20161105110716.450	54.344527	-117.240649	3.341	29.6	85.1	-178.3	4537
20161129153403.020	54.34316	-117.233691	3.246	18.3	78.0	-178.1	21173
20161106002225.760	54.345487	-117.239486	3.38	24.2	87.9	-176.1	6206
20161105203512.100	54.346257	-117.238851	3.415	22.3	84.4	178.4	5819
20161105183826.770	54.345418	-117.239575	3.365	207.7	87.1	174.6	5524
20161110045219.450	54.335628	-117.248836	3.283	183.4	89.8	177.3	7859
20161121060450.330	54.346973	-117.240226	3.29	24.9	84.9	177.2	10701
20161123061737.100	54.344576	-117.240462	3.327	199.3	84.1	179.4	14698
20161120225704.500	54.347384	-117.239535	3.161	206.4	88.0	174.2	9926
20161123121912.980	54.3526	-117.226733	3.313	195.5	85.5	176.0	15012
20161122130732.910	54.345744	-117.239258	3.414	203.2	89.8	171.1	13682
20161103131046.910	54.347599	-117.241081	3.321	25.2	89.9	-178.2	2961
20161129090645.270	54.340234	-117.248405	3.251	182.8	79.2	177.3	20678
20161103121543.740	54.346875	-117.241667	3.328	24.2	87.8	-170.3	2817
20161101153154.610	54.34716	-117.245589	3.222	18.8	75.1	177.0	1189
20161105210657.920	54.345638	-117.239388	3.377	26.0	88.3	-174.3	5901
20161121063823.460	54.346777	-117.240324	3.327	24.1	88.9	-178.6	10763
20161122043631.900	54.346761	-117.23833	3.338	209.2	78.7	171.8	11934
20161119144739.770	54.348088	-117.240503	3.343	27.4	90.0	-175.2	9272
20161105230615.970	54.346476	-117.238672	3.414	205.2	87.8	176.3	6099
20161101204403.100	54.346651	-117.245931	3.241	20.3	88.3	172.6	1345
20161122053914.270	54.346676	-117.238436	3.33	207.1	82.0	-176.9	12210
20161105203024.820	54.344759	-117.240332	3.311	195.6	80.1	178.3	5809
20161103145948.290	54.347599	-117.24104	3.33	206.4	87.3	179.3	3253
20161105185207.330	54.345353	-117.239657	3.367	25.9	86.3	-173.3	5558
20161122090232.850	54.346781	-117.238371	3.361	208.5	87.1	172.8	12934
20161030210559.970	54.353772	-117.238786	3.346	27.8	89.1	173.3	563
20161128090833.470	54.341439	-117.248307	3.223	183.2	89.4	-174.9	19593
20161122134107.450	54.345203	-117.239762	3.351	27.7	86.9	-173.0	13774
20161120103249.380	54.347481	-117.241187	3.338	205.0	88.3	177.2	9691
20161103095255.290	54.346932	-117.24161	3.32	22.6	88.9	-175.0	2452
20161104233657.920	54.345174	-117.241333	3.33	22.6	87.9	-175.3	3984
20161105153702.370	54.345732	-117.239266	3.398	25.3	87.4	-169.8	5074
20161127075348.180	54.352909	-117.225179	3.339	190.5	54.3	-172.2	18413
20161105135726.220	54.345349	-117.239591	3.361	209.9	85.8	179.4	4737
20161125112741.050	54.346391	-117.245638	3.262	22.3	89.9	170.5	17276
20161101000023.490	54.348311	-117.243709	3.276	212.4	88.8	179.3	671
20161122164348.640	54.345467	-117.239567	3.383	27.8	84.6	-175.6	14016
20161124212645.130	54.349434	-117.227116	3.31	201.0	28.9	172.6	15942
20161111131029.130	54.337154	-117.243424	3.226	190.3	83.6	177.9	8260
20161105205353.830	54.346379	-117.238802	3.42	24.3	84.6	-171.9	5863
20161121094406.040	54.347099	-117.24012	3.297	25.2	90.0	-171.6	10983
20161105142204.480	54.345406	-117.239551	3.376	25.2	86.7	-178.0	4804
20161105082239.300	54.345093	-117.240202	3.37	26.1	87.1	-178.4	4366
20161122100343.160	54.346537	-117.238639	3.432	202.5	82.1	167.4	13111
20161129050352.430	54.340413	-117.248161	3.133	212.9	76.9	175.8	20503
20161122053946.720	54.346493	-117.238664	3.432	24.6	89.5	-170.5	12212
20161122153526.790	54.345809	-117.239266	3.382	25.4	87.7	-174.3	13944
20161126092817.240	54.352608	-117.225228	3.326	190.8	68.2	177.4	17948
20161121051949.600	54.346851	-117.240283	3.323	24.0	85.9	173.7	10625
20161106035809.750	54.346875	-117.238322	3.349	24.9	85.8	178.4	6494
20161105200228.130	54.34633	-117.238761	3.336	24.1	86.0	-173.7	5739
20161120085836.710	54.347607	-117.241097	3.338	22.7	88.4	178.9	9609
20161122123120.460	54.349992	-117.227433	3.33	190.2	36.7	167.7	13571
20161115060527.620	54.332926	-117.242586	3.255	30.5	89.6	-170.3	8853
20161122140633.940	54.345605	-117.234066	3.219	185.9	88.4	177.5	13828
20161103093736.290	54.347583	-117.241081	3.324	25.7	86.6	179.5	2406
20161127174203.540	54.345789	-117.245296	3.25	186.1	87.0	-177.9	18735
20161122105731.850	54.346863	-117.238322	3.349	209.6	87.6	-177.4	13259
20161125033946.590	54.346757	-117.24589	3.226	22.1	82.9	179.2	16336
20161122135407.550	54.345691	-117.239331	3.382	29.5	89.1	-174.4	13803
20161125080153.820	54.347888	-117.245052	3.271	186.0	89.0	-179.7	16767
20161122080607.360	54.350183	-117.227108	3.324	192.2	33.3	156.0	12750
20161103094949.970	54.347542	-117.241073	3.326	24.2	88.5	179.4	2444
20161101201202.840	54.346838	-117.245728	3.208	21.8	83.2	170.0	1331
20161110142852.340	54.338428	-117.243311	3.229	181.7	84.1	175.4	7973
20161111204340.820	54.335563	-117.248869	3.273	2.9	89.8	-179.5	8408
20161122132438.660	54.350122	-117.227401	3.332	189.2	36.6	167.1	13720
20161106152124.170	54.346993	-117.238249	3.447	209.8	87.5	177.4	6979
20161101122431.890	54.346244	-117.246297	3.269	204.8	87.0	-173.9	928
20161121041104.460	54.346842	-117.240308	3.31	23.7	83.0	176.6	10484
20161123210327.060	54.34928	-117.227393	3.313	198.4	49.0	-174.8	15232
20161122132712.000	54.350159	-117.227336	3.333	192.0	41.2	175.0	13726
20161130023839.800	54.341528	-117.248283	3.218	182.0	76.6	-173.9	21583
20161121004452.020	54.347038	-117.240129	3.324	207.7	85.0	-177.3	10090
20161125023901.030	54.350187	-117.227051	3.321	196.1	43.7	178.4	16253
20161103015411.090	54.348397	-117.240373	3.314	25.0	85.6	-178.4	1907
20161107195644.460	54.346627	-117.238542	3.443	26.2	86.5	-171.5	7475
20161111102804.290	54.338118	-117.239307	3.245	206.2	84.3	165.8	8188
20161118122404.130	54.333419	-117.242	3.249	37.0	89.6	-169.5	9056
20161105184143.470	54.344328	-117.240853	3.344	209.2	89.1	175.2	5532
20161121000234.480	54.347046	-117.240129	3.325	22.9	85.8	175.7	10031
20161103084937.030	54.347522	-117.241154	3.367	24.5	87.7	-177.8	2305
20161122125832.460	54.349894	-117.227498	3.332	186.7	34.1	164.8	13657
20161123095748.620	54.350244	-117.227059	3.317	195.2	45.1	-177.5	14904
20161103120702.710	54.347168	-117.241447	3.321	23.6	88.0	179.0	2793
20161105182517.440	54.345394	-117.239632	3.363	28.8	87.1	-169.3	5487
20161129122205.710	54.333142	-117.248869	3.214	213.9	70.7	176.3	20947
20161029035001.980	54.353723	-117.238761	3.362	24.2	88.0	179.3	293
20161122064641.730	54.346716	-117.238452	3.391	205.7	84.0	-177.5	12477
20161108132137.240	54.338558	-117.248535	3.265	182.1	84.3	176.8	7621
20161122213131.700	54.345577	-117.239404	3.398	24.8	86.0	-169.7	14235
20161114225333.230	54.336336	-117.248641	3.278	3.4	82.6	171.3	8817
20161101101432.850	54.346879	-117.245825	3.211	19.0	69.9	166.5	863
20161124184000.290	54.349801	-117.226872	3.299	188.6	23.9	162.9	15893
20161125005236.550	54.346248	-117.246313	3.275	26.9	89.1	174.4	16094
20161102124045.350	54.346826	-117.245801	3.226	17.5	77.6	169.5	1644
20161127094119.580	54.343347	-117.248088	3.276	0.3	88.3	176.7	18495
20161106004506.780	54.345719	-117.239315	3.376	25.1	85.6	-174.0	6244
20161125105129.780	54.34635	-117.245646	3.272	204.0	88.4	-175.9	17186
20161105142229.690	54.34561	-117.239412	3.399	200.1	87.2	179.6	4806
20161105004139.100	54.34541	-117.241097	3.326	206.3	89.2	171.8	4045
20161105221533.280	54.346444	-117.238794	3.423	22.0	85.6	-179.4	6027
20161128101542.520	54.345846	-117.24528	3.24	184.6	85.9	-180.0	19633
20161027215937.560	54.355196	-117.235913	3.342	20.6	82.8	168.2	122
20161124220951.120	54.350187	-117.227051	3.32	196.1	32.3	174.8	15950
20161102025009.680	54.346627	-117.245931	3.253	204.6	84.9	172.2	1489
20161101182157.910	54.346729	-117.245825	3.207	19.8	83.9	179.1	1292
20161130054556.500	54.341357	-117.234814	3.24	27.2	72.6	-179.1	21719
20161103141601.390	54.346822	-117.24174	3.33	204.6	88.7	-179.4	3163
20161105232427.620	54.346505	-117.238761	3.415	20.0	83.8	176.3	6133
20161127224133.620	54.346037	-117.245312	3.24	2.9	78.8	177.7	18852
20161123200910.290	54.349764	-117.226872	3.298	190.6	39.4	170.2	15211
20161129213748.000	54.333162	-117.24882	3.201	209.2	76.3	175.9	21454
20161106043838.360	54.346863	-117.238314	3.346	26.0	85.2	-178.8	6569
20161105181731.150	54.346171	-117.238965	3.399	22.1	84.1	177.7	5467
20161105011221.140	54.345361	-117.241146	3.324	207.2	82.7	175.1	4067
20161027191544.090	54.355054	-117.236011	3.358	23.1	89.3	166.8	103
20161111174447.790	54.338627	-117.238778	3.249	205.9	86.8	165.2	8362
20161129203100.340	54.342639	-117.248201	3.236	3.2	82.6	172.3	21407
20161123133838.900	54.350321	-117.227026	3.326	207.2	37.2	-179.2	15058
20161105205900.480	54.34598	-117.239095	3.388	25.4	88.1	-174.1	5882
20161128043731.850	54.343416	-117.233537	3.242	198.4	88.5	-177.0	19272
20161129064335.830	54.341048	-117.248283	3.171	153.1	80.4	-178.3	20597
20161128101159.760	54.341532	-117.248283	3.18	186.8	88.5	-176.9	19631
20161130075355.480	54.341325	-117.234855	3.238	27.4	76.0	174.6	21824
20161110031035.170	54.336894	-117.248665	3.258	184.2	86.6	179.4	7824
20161129060029.520	54.343632	-117.233366	3.245	14.1	84.8	173.9	20558
20161103140646.060	54.347432	-117.241243	3.336	23.7	88.5	178.5	3127
20161127165200.640	54.343184	-117.248104	3.272	181.1	84.5	175.8	18709
20161122230627.440	54.349752	-117.227026	3.324	161.9	15.2	140.1	14309
20161103112850.300	54.347575	-117.241081	3.34	206.6	89.6	176.2	2693
20161130061702.670	54.341622	-117.234554	3.256	201.6	85.4	172.5	21742
20161125053125.210	54.344124	-117.248193	3.27	5.5	86.2	178.8	16532
20161122055155.420	54.345231	-117.241276	3.35	206.5	89.1	173.2	12261
20161121065220.670	54.351823	-117.227108	3.273	195.0	85.6	-179.6	10783
20161127231138.800	54.343184	-117.233691	3.251	201.9	86.3	-177.5	18882
20161105172151.060	54.345386	-117.2396	3.376	29.1	85.0	-177.4	5329
20161129173001.960	54.341618	-117.234562	3.259	25.1	83.3	-179.8	21281
20161122201745.090	54.34954	-117.227173	3.305	191.5	42.8	172.2	14193
20161112152344.120	54.333931	-117.24895	3.28	190.3	88.7	169.1	8615
20161128002633.080	54.343384	-117.233529	3.251	18.4	72.1	170.4	18948
20161128044630.460	54.341593	-117.248291	3.211	179.8	77.5	-174.2	19305
20161120225412.210	54.347363	-117.239844	3.345	205.6	87.9	179.6	9922
20161101111407.340	54.346842	-117.245858	3.21	15.1	64.1	161.3	882
20161125055447.180	54.346676	-117.245931	3.236	23.2	82.9	171.6	16548
20161121084514.370	54.347534	-117.239689	3.269	189.0	70.7	-175.5	10926
20161105142605.020	54.34554	-117.239445	3.379	205.3	86.3	177.8	4820
20161128184450.930	54.343127	-117.233724	3.263	202.0	84.6	175.8	20058
20161122063525.530	54.338843	-117.243237	3.221	186.2	83.8	-179.3	12425
20161103141230.970	54.347961	-117.240698	3.301	29.1	88.9	-177.2	3152
